[
    {
        "url": "https://utagear.merchorders.com/Product.php?pCat=Championship+Gear&pSCat=&id=14217725&pid=6-33-UT1291AG",
        "pid": "6-33-UT1291AG",
        "product_name": "Black T Shirt",
        "price": "$22.00",
        "product_description": "This practical, basic t shirt can be layered or worn alone. You can never have too many of these versatile shirts in your closet. Just toss one on and go.",
        "product_details": [
            "5.3 oz., 100% sustainably and fairly grown USA preshrunk cotton",
            "Printed logo",
            "Seamless collar",
            "Double needle stitching throughout",
            "Taped shoulder to shoulder"
        ],
        "tags": [
            "t shirt",
            "tee",
            "t-shirt",
            "short sleeve tee",
            "jersey knit t shirt"
        ],
        "item_details": {
            "Color": "Black",
            "Department": "mens",
            "Type": "sports-fan-t-shirts"
        }
    },
    {
        "url": "https://utagear.merchorders.com/Product.php?pCat=Championship+Gear&pSCat=&id=14217731&pid=6-33-UT1401FY",
        "pid": "6-33-UT1401FY",
        "product_name": "Royal T Shirt",
        "price": "$22.00",
        "product_description": "This practical, basic t-shirt can be layered or worn alone. You can never have too many of these versatile shirts in your closet. Just toss one on and go.",
        "product_details": [
            "5.3 oz., 100% sustainably and fairly grown USA preshrunk cotton",
            "Printed logo",
            "Seamless collar",
            "Double needle stitching throughout",
            "Taped shoulder to shoulder"
        ],
        "tags": [
            "t shirt",
            "tee",
            "t-shirt",
            "short sleeve tee",
            "preshrunk t shirt"
        ],
        "item_details": {
            "Color": "Royal",
            "Department": "mens",
            "Type": "sports-fan-t-shirts"
        }
    },
    {
        "url": "https://utagear.merchorders.com/Product.php?pCat=Championship+Gear&pSCat=&id=14217737&pid=6-33-UT1701BB",
        "pid": "6-33-UT1701BB",
        "product_name": "Grey T Shirt",
        "price": "$22.00",
        "product_description": "This practical, basic t-shirt can be layered or worn alone. You can never have too many of these versatile shirts in your closet. Just toss one on and go.",
        "product_details": [
            "5.3 oz., 90% sustainably and fairly grown USA preshrunk cotton, 10% polyester",
            "Printed logo",
            "Seamless collar",
            "Double needle stitching throughout",
            "Taped shoulder to shoulder"
        ],
        "tags": [
            "t shirt",
            "tee",
            "t-shirt",
            "short sleeve tee",
            "crew neck t shirt"
        ],
        "item_details": {
            "Color": "Grey",
            "Department": "mens",
            "Type": "sports-fan-t-shirts"
        }
    },
    {
        "url": "https://utagear.merchorders.com/Product.php?pCat=Championship+Gear&pSCat=&id=14247099&pid=6-33-UT1701BC",
        "pid": "6-33-UT1701BC",
        "product_name": "Grey T Shirt",
        "price": "$22.00",
        "product_description": "This practical, basic t-shirt can be layered or worn alone. You can never have too many of these versatile shirts in your closet. Just toss one on and go.",
        "product_details": [
            "5.3 oz., 90% sustainably and fairly grown USA preshrunk cotton, 10% polyester",
            "Printed logo",
            "Seamless collar",
            "Double needle stitching throughout",
            "Taped shoulder to shoulder"
        ],
        "tags": [
            "t shirt",
            "tee",
            "t-shirt",
            "short sleeve tee",
            "crew neck t shirt"
        ],
        "item_details": {
            "Color": "Grey",
            "Department": "mens",
            "Type": "sports-fan-t-shirts"
        }
    },
    {
        "url": "https://utagear.merchorders.com/Product.php?pCat=Headwear&pSCat=&id=10430248&pid=6-38-UT1136H",
        "pid": "6-38-UT1136H",
        "product_name": "White Unstructured Adjustable Low Profile Hat",
        "price": "$20.00",
        "product_description": "With its relaxed styling, laid-back low profile and a flexible fit, this is your go-to casual hat. You'll reach for it every time you head out the door.",
        "product_details": [
            "100% cotton",
            "Embroidered logo",
            "Unstructured, soft crown, low-fitting, 6-panel cap",
            "Seamed front panel without buckram, 6 embroidered eyelets matching crown color, Pro Stitch on crown, 6 rows stitching on visor",
            "Matching fabric undervisor, matching fabric sweatband, matching fabric adjustable strap with brass buckle, insert in sweatband"
        ],
        "tags": [
            "low profile hat",
            "unstructured hat",
            "twill hat",
            "baseball cap",
            "ball cap"
        ],
        "item_details": {
            "Color": "White",
            "Department": "mens",
            "Type": "sports-fan-baseball-caps"
        }
    },
    {
        "url": "https://utagear.merchorders.com/Product.php?pCat=Headwear&pSCat=&id=10430249&pid=6-38-UT1236F",
        "pid": "6-38-UT1236F",
        "product_name": "Black Unstructured Adjustable Low Profile Hat",
        "price": "$20.00",
        "product_description": "With its relaxed styling, laid-back low profile and a flexible fit, this is your go-to casual hat. You''ll reach for it every time you head out the door.",
        "product_details": [
            "100% cotton",
            "Embroidered logo",
            "Unstructured, soft crown, low-fitting, 6-panel cap",
            "Seamed front panel without buckram, 6 embroidered eyelets matching crown color, Pro Stitch on crown, 6 rows stitching on visor",
            "Matching fabric undervisor, matching fabric sweatband, matching fabric adjustable strap with brass buckle, insert in sweatband"
        ],
        "tags": [
            "low profile hat",
            "unstructured hat",
            "twill hat",
            "baseball cap",
            "ball cap"
        ],
        "item_details": {
            "Color": "Black",
            "Department": "mens",
            "Type": "sports-fan-baseball-caps"
        }
    },
    {
        "url": "https://utagear.merchorders.com/Product.php?pCat=Headwear&pSCat=&id=10430250&pid=6-38-UT1436K",
        "pid": "6-38-UT1436K",
        "product_name": "Royal Unstructured Adjustable Low Profile Hat",
        "price": "$22.00",
        "product_description": "With its relaxed styling, laid-back low profile and a flexible fit, this is your go-to casual hat. You''ll reach for it every time you head out the door.",
        "product_details": [
            "100% cotton",
            "Embroidered logo",
            "Unstructured, soft crown, low-fitting, 6-panel cap",
            "Seamed front panel without buckram, 6 embroidered eyelets matching crown color, Pro Stitch on crown, 6 rows stitching on visor",
            "Matching fabric undervisor, matching fabric sweatband, matching fabric adjustable strap with brass buckle, insert in sweatband"
        ],
        "tags": [
            "low profile hat",
            "unstructured hat",
            "twill hat",
            "baseball cap",
            "ball cap"
        ],
        "item_details": {
            "Color": "Royal",
            "Department": "mens",
            "Type": "sports-fan-baseball-caps"
        }
    },
    {
        "url": "https://utagear.merchorders.com/Product.php?pCat=Headwear&pSCat=&id=13076641&pid=6-38-UT1021A",
        "pid": "6-38-UT1021A",
        "product_name": "White Brushed Bull Denim Visor",
        "price": "$18.00",
        "product_description": "Stay focused, cool, and comfortable in this versatile hat that will keep the sun out of your eyes and perspiration at bay. Adjustable closure allows for a perfect fit.",
        "product_details": [
            "100% cotton",
            "Embroidered logo",
            "Pro Stitch on crown, 8 rows stitching on visor",
            "Matching fabric undervisor, matching fabric sweatband, matching fabric adjustable Velcro closure",
            "Sporty look"
        ],
        "tags": [
            "visor",
            "sun visor",
            "denim visor",
            "tennis hat",
            "performance hat"
        ],
        "item_details": {
            "Color": "White",
            "Department": "mens",
            "Type": "sports-fan-visors"
        }
    },
    {
        "url": "https://utagear.merchorders.com/Product.php?pCat=Headwear&pSCat=&id=13836998&pid=6-38-UT1476A",
        "pid": "6-38-UT1476A",
        "product_name": "Royal/White Two Tone Knit Pom Beanie w/Cuff",
        "price": "$16.00",
        "product_description": "Get the perfect look with this warm supersoft beanie, knit from a graphic mix of royal and-white yarns. The top of the beanie is accented with a playful pom; making this a festive piece. The knit pom beanie is thick, warm, and easily stretchable ensuring a comfortable fit. This is perfect gift for any fall or winter sporting event or even for a casual outing.",
        "product_details": [
            "100% Acrylic",
            "Embroidered logo",
            "One size fits most",
            "Two tone stretchable ribbed knit",
            "Accented with pom"
        ],
        "tags": [
            "pom beanie",
            "beanie",
            "pom pom beanie",
            "hockey beanie",
            "beanie with cuff"
        ],
        "item_details": {
            "Color": "Royal/White",
            "Department": "mens",
            "Type": "sports-fan-beanies"
        }
    },
    {
        "url": "https://utagear.merchorders.com/Product.php?pCat=Headwear&pSCat=&id=13856365&pid=6-38-UT1002B",
        "pid": "6-38-UT1002B",
        "product_name": "Charcoal Unstructured Adjustable Low Profile Hat",
        "price": "$20.00",
        "product_description": "With its relaxed styling, laid-back low profile and a flexible fit, this is your go-to casual hat. You''ll reach for it every time you head out the door.",
        "product_details": [
            "100% cotton",
            "Embroidered logo",
            "Unstructured, soft crown, low-fitting, 6-panel cap",
            "Seamed front panel without buckram, 6 embroidered eyelets matching crown color, Pro Stitch on crown, 6 rows stitching on visor",
            "Matching fabric undervisor, matching fabric sweatband, matching fabric adjustable strap with brass buckle, insert in sweatband"
        ],
        "tags": [
            "low profile hat",
            "unstructured hat",
            "twill hat",
            "baseball cap",
            "ball cap"
        ],
        "item_details": {
            "Color": "Charcoal",
            "Department": "mens",
            "Type": "sports-fan-baseball-caps"
        }
    },
    {
        "url": "https://utagear.merchorders.com/Product.php?pCat=Headwear&pSCat=&id=13856366&pid=6-38-UT1136I",
        "pid": "6-38-UT1136I",
        "product_name": "White Unstructured Adjustable Low Profile Hat",
        "price": "$20.00",
        "product_description": "With its relaxed styling, laid-back low profile and a flexible fit, this is your go-to casual hat. You'll reach for it every time you head out the door.",
        "product_details": [
            "100% cotton",
            "Embroidered logo",
            "Unstructured, soft crown, low-fitting, 6-panel cap",
            "Seamed front panel without buckram, 6 embroidered eyelets matching crown color, Pro Stitch on crown, 6 rows stitching on visor",
            "Matching fabric undervisor, matching fabric sweatband, matching fabric adjustable strap with brass buckle, insert in sweatband"
        ],
        "tags": [
            "low profile hat",
            "unstructured hat",
            "twill hat",
            "baseball cap",
            "ball cap"
        ],
        "item_details": {
            "Color": "White",
            "Department": "mens",
            "Type": "sports-fan-baseball-caps"
        }
    },
    {
        "url": "https://utagear.merchorders.com/Product.php?pCat=Headwear&pSCat=&id=13856367&pid=6-38-UT1236G",
        "pid": "6-38-UT1236G",
        "product_name": "Black Unstructured Adjustable Low Profile Hat",
        "price": "$20.00",
        "product_description": "With its relaxed styling, laid-back low profile and a flexible fit, this is your go-to casual hat. You''ll reach for it every time you head out the door.",
        "product_details": [
            "100% cotton",
            "Embroidered logo",
            "Unstructured, soft crown, low-fitting, 6-panel cap",
            "Seamed front panel without buckram, 6 embroidered eyelets matching crown color, Pro Stitch on crown, 6 rows stitching on visor",
            "Matching fabric undervisor, matching fabric sweatband, matching fabric adjustable strap with brass buckle, insert in sweatband"
        ],
        "tags": [
            "low profile hat",
            "unstructured hat",
            "twill hat",
            "baseball cap",
            "ball cap"
        ],
        "item_details": {
            "Color": "Black",
            "Department": "mens",
            "Type": "sports-fan-baseball-caps"
        }
    },
    {
        "url": "https://utagear.merchorders.com/Product.php?pCat=Headwear&pSCat=&id=13856368&pid=6-38-UT1436M",
        "pid": "6-38-UT1436M",
        "product_name": "Royal Unstructured Adjustable Low Profile Hat",
        "price": "$22.00",
        "product_description": "With its relaxed styling, laid-back low profile and a flexible fit, this is your go-to casual hat. You''ll reach for it every time you head out the door.",
        "product_details": [
            "100% cotton",
            "Embroidered logo",
            "Unstructured, soft crown, low-fitting, 6-panel cap",
            "Seamed front panel without buckram, 6 embroidered eyelets matching crown color, Pro Stitch on crown, 6 rows stitching on visor",
            "Matching fabric undervisor, matching fabric sweatband, matching fabric adjustable strap with brass buckle, insert in sweatband"
        ],
        "tags": [
            "low profile hat",
            "unstructured hat",
            "twill hat",
            "baseball cap",
            "ball cap"
        ],
        "item_details": {
            "Color": "Royal",
            "Department": "mens",
            "Type": "sports-fan-baseball-caps"
        }
    },
    {
        "url": "https://utagear.merchorders.com/Product.php?pCat=Headwear&pSCat=&id=13856392&pid=6-38-UT0281",
        "pid": "6-38-UT0281",
        "product_name": "Black Knit Beanie w/Cuff",
        "price": "$16.00",
        "product_description": "A cool, modern look that goes way beyond winter. Its as cozy and practical as it is stylish!",
        "product_details": [
            "100% acrylic",
            "Embroidered logo",
            "3-inch folding cuff for easy embroidery",
            "Perfect amount of stretch for a great fit and shape retention",
            "One size fits most"
        ],
        "tags": [
            "beanie",
            "skull cap",
            "skate beanie",
            "winter cap",
            "winter hat"
        ],
        "item_details": {
            "Color": "Black",
            "Department": "men",
            "Type": "sports-fan-beanies"
        }
    },
    {
        "url": "https://utagear.merchorders.com/Product.php?pCat=Headwear&pSCat=&id=13856393&pid=6-38-UT02O0",
        "pid": "6-38-UT02O0",
        "product_name": "Sportsman Black Pom Pom Cuffed Beanie",
        "price": "$15.00",
        "product_description": "A cool, modern look that goes way beyond winter. Its as cozy and practical as it is stylish!",
        "product_details": [
            "100% acrylic",
            "Embroidered Logo",
            "4 Top-seams",
            "3 in. cuff",
            "Pom-pom on top"
        ],
        "tags": [
            "beanie",
            "skull cap",
            "skate beanie",
            "winter cap",
            "winter hat"
        ],
        "item_details": {
            "Color": "Black",
            "Department": "men",
            "Type": "sports-fan-beanies"
        }
    },
    {
        "url": "https://utagear.merchorders.com/Product.php?pCat=Headwear&pSCat=&id=13856394&pid=6-38-UT02T5",
        "pid": "6-38-UT02T5",
        "product_name": "Black Knit Beanie",
        "price": "$15.00",
        "product_description": "A cool, modern look that goes way beyond winter. It's as cozy and practical as it is stylish!",
        "product_details": [
            "100% acrylic",
            "Embroidered logo",
            "8 inches tall",
            "Perfect amount of stretch for a great fit and shape retention",
            "One size fits most"
        ],
        "tags": [
            "beanie",
            "skull cap",
            "skate beanie",
            "winter cap",
            "winter hat"
        ],
        "item_details": {
            "Color": "Black",
            "Department": "mens",
            "Type": "sports-fan-beanies"
        }
    },
    {
        "url": "https://utagear.merchorders.com/Product.php?pCat=Headwear&pSCat=&id=13856395&pid=6-38-UT04O0",
        "pid": "6-38-UT04O0",
        "product_name": "Sportsman Royal Pom Pom Cuffed Beanie",
        "price": "$15.00",
        "product_description": "A cool, modern look that goes way beyond winter. Its as cozy and practical as it is stylish!",
        "product_details": [
            "100% acrylic",
            "Embroidered Logo",
            "4 Top-seams",
            "3 in. cuff",
            "Pom-pom on top"
        ],
        "tags": [
            "beanie",
            "skull cap",
            "skate beanie",
            "winter cap",
            "winter hat"
        ],
        "item_details": {
            "Color": "Royal",
            "Department": "men",
            "Type": "sports-fan-beanies"
        }
    },
    {
        "url": "https://utagear.merchorders.com/Product.php?pCat=Headwear&pSCat=&id=13856396&pid=6-38-UT04T5B",
        "pid": "6-38-UT04T5B",
        "product_name": "Royal Knit Beanie",
        "price": "$15.00",
        "product_description": "A cool, modern look that goes way beyond winter. It is as cozy and practical as it is stylish!",
        "product_details": [
            "100% acrylic",
            "Embroidered logo",
            "8 inches tall",
            "Perfect amount of stretch for a great fit and shape retention",
            "One size fits most"
        ],
        "tags": [
            "beanie",
            "skull cap",
            "skate beanie",
            "winter cap",
            "winter hat"
        ],
        "item_details": {
            "Color": "Royal",
            "Department": "mens",
            "Type": "sports-fan-beanies"
        }
    },
    {
        "url": "https://utagear.merchorders.com/Product.php?pCat=Headwear&pSCat=&id=13856397&pid=6-38-UT0681",
        "pid": "6-38-UT0681",
        "product_name": "Grey Knit Beanie w/Cuff",
        "price": "$16.00",
        "product_description": "A cool, modern look that goes way beyond winter. Its as cozy and practical as it is stylish!",
        "product_details": [
            "100% acrylic",
            "Embroidered logo",
            "3-inch folding cuff for easy embroidery",
            "Perfect amount of stretch for a great fit and shape retention",
            "One size fits most"
        ],
        "tags": [
            "beanie",
            "skull cap",
            "skate beanie",
            "winter cap",
            "winter hat"
        ],
        "item_details": {
            "Color": "Grey",
            "Department": "men",
            "Type": "sports-fan-beanies"
        }
    },
    {
        "url": "https://utagear.merchorders.com/Product.php?pCat=Headwear&pSCat=&id=13856398&pid=6-38-UT07O0",
        "pid": "6-38-UT07O0",
        "product_name": "Sportsman Heather Grey Pom Pom Cuffed Beanie",
        "price": "$15.00",
        "product_description": "A cool, modern look that goes way beyond winter. Its as cozy and practical as it is stylish!",
        "product_details": [
            "62/38 acrylic/polyester",
            "Embroidered Logo",
            "4 Top-seams",
            "3 in. cuff",
            "Pom-pom on top"
        ],
        "tags": [
            "beanie",
            "skull cap",
            "skate beanie",
            "winter cap",
            "winter hat"
        ],
        "item_details": {
            "Color": "Heather Grey",
            "Department": "men",
            "Type": "sports-fan-beanies"
        }
    },
    {
        "url": "https://utagear.merchorders.com/Product.php?pCat=Headwear&pSCat=&id=13856399&pid=6-38-UT08T5B",
        "pid": "6-38-UT08T5B",
        "product_name": "Orange Knit Beanie",
        "price": "$15.00",
        "product_description": "A cool, modern look that goes way beyond winter. It's as cozy and practical as it is stylish!",
        "product_details": [
            "100% acrylic",
            "Embroidered logo",
            "8 inches tall",
            "Perfect amount of stretch for a great fit and shape retention",
            "One size fits most"
        ],
        "tags": [
            "beanie",
            "skull cap",
            "skate beanie",
            "winter cap",
            "winter hat"
        ],
        "item_details": {
            "Color": "Orange",
            "Department": "mens",
            "Type": "sports-fan-beanies"
        }
    },
    {
        "url": "https://utagear.merchorders.com/Product.php?pCat=Headwear&pSCat=&id=13856400&pid=6-38-UT0AT5",
        "pid": "6-38-UT0AT5",
        "product_name": "Charcoal Knit Beanie",
        "price": "$15.00",
        "product_description": "A cool, modern look that goes way beyond winter. It's as cozy and practical as it is stylish!",
        "product_details": [
            "100% acrylic",
            "Embroidered logo",
            "8 inches tall",
            "Perfect amount of stretch for a great fit and shape retention",
            "One size fits most"
        ],
        "tags": [
            "beanie",
            "skull cap",
            "skate beanie",
            "winter cap",
            "winter hat"
        ],
        "item_details": {
            "Color": "Charcoal",
            "Department": "mens",
            "Type": "sports-fan-beanies"
        }
    },
    {
        "url": "https://utagear.merchorders.com/Product.php?pCat=Headwear&pSCat=&id=13857031&pid=6-38-UT0138E",
        "pid": "6-38-UT0138E",
        "product_name": "White Structured Adjustable Pro Style Hat",
        "price": "$20.00",
        "product_description": "Classic and relaxed, this pro style hat offers a laid-back medium profile and a flexible fit that will compliment any casual fashion look.",
        "product_details": [
            "65% Polyester/35% Cotton",
            "Embroidered logo",
            "Structured; firm front panel; low-fitting; 6-panel cap",
            "Seamed front panel with full buckram, 6 embroidered eyelets, Pro Stitch on crown, 6 rows stitching on visor",
            "Matching fabric undervisor, matching color sweatband, and matching fabric adjustable strap with brass buckle and button hole insert"
        ],
        "tags": [
            "pro style hat",
            "structured hat",
            "twill hat",
            "baseball cap",
            "ball cap"
        ],
        "item_details": {
            "Color": "White",
            "Department": "mens",
            "Type": "sports-fan-baseball-caps"
        }
    },
    {
        "url": "https://utagear.merchorders.com/Product.php?pCat=Headwear&pSCat=&id=13857032&pid=6-38-UT1438G",
        "pid": "6-38-UT1438G",
        "product_name": "Royal Structured Adjustable Pro Style Hat",
        "price": "$22.00",
        "product_description": "Classic and relaxed, this pro style hat offers a laid-back medium profile and a flexible fit that will compliment any casual fashion look.",
        "product_details": [
            "65% Polyester/35% Cotton",
            "Embroidered logo",
            "Structured; firm front panel; low-fitting; 6-panel cap",
            "Seamed front panel with full buckram, 6 embroidered eyelets, Pro Stitch on crown, 6 rows stitching on visor",
            "Matching fabric undervisor, matching color sweatband, and matching fabric adjustable strap with brass buckle and button hole insert"
        ],
        "tags": [
            "pro style hat",
            "structured hat",
            "twill hat",
            "baseball cap",
            "ball cap"
        ],
        "item_details": {
            "Color": "Royal",
            "Department": "mens",
            "Type": "sports-fan-baseball-caps"
        }
    },
    {
        "url": "https://utagear.merchorders.com/Product.php?pCat=Headwear&pSCat=&id=13857033&pid=6-38-UT1438H",
        "pid": "6-38-UT1438H",
        "product_name": "Royal Structured Adjustable Pro Style Hat",
        "price": "$22.00",
        "product_description": "Classic and relaxed, this pro style hat offers a laid-back medium profile and a flexible fit that will compliment any casual fashion look.",
        "product_details": [
            "65% Polyester/35% Cotton",
            "Embroidered logo",
            "Structured; firm front panel; low-fitting; 6-panel cap",
            "Seamed front panel with full buckram, 6 embroidered eyelets, Pro Stitch on crown, 6 rows stitching on visor",
            "Matching fabric undervisor, matching color sweatband, and matching fabric adjustable strap with brass buckle and button hole insert"
        ],
        "tags": [
            "pro style hat",
            "structured hat",
            "twill hat",
            "baseball cap",
            "ball cap"
        ],
        "item_details": {
            "Color": "Royal",
            "Department": "mens",
            "Type": "sports-fan-baseball-caps"
        }
    },
    {
        "url": "https://utagear.merchorders.com/Product.php?pCat=Headwear&pSCat=&id=13857035&pid=6-38-UT1136HJ",
        "pid": "6-38-UT1136HJ",
        "product_name": "White Unstructured Adjustable Low Profile Hat",
        "price": "$20.00",
        "product_description": "With its relaxed styling, laid-back low profile and a flexible fit, this is your go-to casual hat. You'll reach for it every time you head out the door.",
        "product_details": [
            "100% cotton",
            "Embroidered logo",
            "Unstructured, soft crown, low-fitting, 6-panel cap",
            "Seamed front panel without buckram, 6 embroidered eyelets matching crown color, Pro Stitch on crown, 6 rows stitching on visor",
            "Matching fabric undervisor, matching fabric sweatband, matching fabric adjustable strap with brass buckle, insert in sweatband"
        ],
        "tags": [
            "low profile hat",
            "unstructured hat",
            "twill hat",
            "baseball cap",
            "ball cap"
        ],
        "item_details": {
            "Color": "White",
            "Department": "mens",
            "Type": "sports-fan-baseball-caps"
        }
    },
    {
        "url": "https://utagear.merchorders.com/Product.php?pCat=Headwear&pSCat=&id=13857036&pid=6-38-UT1136HK",
        "pid": "6-38-UT1136HK",
        "product_name": "White Unstructured Adjustable Low Profile Hat",
        "price": "$20.00",
        "product_description": "With its relaxed styling, laid-back low profile and a flexible fit, this is your go-to casual hat. You'll reach for it every time you head out the door.",
        "product_details": [
            "100% cotton",
            "Embroidered logo",
            "Unstructured, soft crown, low-fitting, 6-panel cap",
            "Seamed front panel without buckram, 6 embroidered eyelets matching crown color, Pro Stitch on crown, 6 rows stitching on visor",
            "Matching fabric undervisor, matching fabric sweatband, matching fabric adjustable strap with brass buckle, insert in sweatband"
        ],
        "tags": [
            "low profile hat",
            "unstructured hat",
            "twill hat",
            "baseball cap",
            "ball cap"
        ],
        "item_details": {
            "Color": "White",
            "Department": "mens",
            "Type": "sports-fan-baseball-caps"
        }
    },
    {
        "url": "https://utagear.merchorders.com/Product.php?pCat=Headwear&pSCat=&id=13857037&pid=6-38-UT1136HL",
        "pid": "6-38-UT1136HL",
        "product_name": "White Unstructured Adjustable Low Profile Hat",
        "price": "$20.00",
        "product_description": "With its relaxed styling, laid-back low profile and a flexible fit, this is your go-to casual hat. You'll reach for it every time you head out the door.",
        "product_details": [
            "100% cotton",
            "Embroidered logo",
            "Unstructured, soft crown, low-fitting, 6-panel cap",
            "Seamed front panel without buckram, 6 embroidered eyelets matching crown color, Pro Stitch on crown, 6 rows stitching on visor",
            "Matching fabric undervisor, matching fabric sweatband, matching fabric adjustable strap with brass buckle, insert in sweatband"
        ],
        "tags": [
            "low profile hat",
            "unstructured hat",
            "twill hat",
            "baseball cap",
            "ball cap"
        ],
        "item_details": {
            "Color": "White",
            "Department": "mens",
            "Type": "sports-fan-baseball-caps"
        }
    },
    {
        "url": "https://utagear.merchorders.com/Product.php?pCat=Headwear&pSCat=&id=13857038&pid=6-38-UT1436LN",
        "pid": "6-38-UT1436LN",
        "product_name": "Royal Unstructured Adjustable Low Profile Hat",
        "price": "$22.00",
        "product_description": "With its relaxed styling, laid-back low profile and a flexible fit, this is your go-to casual hat. You''ll reach for it every time you head out the door.",
        "product_details": [
            "100% cotton",
            "Embroidered logo",
            "Unstructured, soft crown, low-fitting, 6-panel cap",
            "Seamed front panel without buckram, 6 embroidered eyelets matching crown color, Pro Stitch on crown, 6 rows stitching on visor",
            "Matching fabric undervisor, matching fabric sweatband, matching fabric adjustable strap with brass buckle, insert in sweatband"
        ],
        "tags": [
            "low profile hat",
            "unstructured hat",
            "twill hat",
            "baseball cap",
            "ball cap"
        ],
        "item_details": {
            "Color": "Royal",
            "Department": "mens",
            "Type": "sports-fan-baseball-caps"
        }
    },
    {
        "url": "https://utagear.merchorders.com/Product.php?pCat=Headwear&pSCat=&id=13857039&pid=6-38-UT1436LO",
        "pid": "6-38-UT1436LO",
        "product_name": "Royal Unstructured Adjustable Low Profile Hat",
        "price": "$22.00",
        "product_description": "With its relaxed styling, laid-back low profile and a flexible fit, this is your go-to casual hat. You''ll reach for it every time you head out the door.",
        "product_details": [
            "100% cotton",
            "Embroidered logo",
            "Unstructured, soft crown, low-fitting, 6-panel cap",
            "Seamed front panel without buckram, 6 embroidered eyelets matching crown color, Pro Stitch on crown, 6 rows stitching on visor",
            "Matching fabric undervisor, matching fabric sweatband, matching fabric adjustable strap with brass buckle, insert in sweatband"
        ],
        "tags": [
            "low profile hat",
            "unstructured hat",
            "twill hat",
            "baseball cap",
            "ball cap"
        ],
        "item_details": {
            "Color": "Royal",
            "Department": "mens",
            "Type": "sports-fan-baseball-caps"
        }
    },
    {
        "url": "https://utagear.merchorders.com/Product.php?pCat=Headwear&pSCat=&id=13857040&pid=6-38-UT1436LP",
        "pid": "6-38-UT1436LP",
        "product_name": "Royal Unstructured Adjustable Low Profile Hat",
        "price": "$22.00",
        "product_description": "With its relaxed styling, laid-back low profile and a flexible fit, this is your go-to casual hat. You''ll reach for it every time you head out the door.",
        "product_details": [
            "100% cotton",
            "Embroidered logo",
            "Unstructured, soft crown, low-fitting, 6-panel cap",
            "Seamed front panel without buckram, 6 embroidered eyelets matching crown color, Pro Stitch on crown, 6 rows stitching on visor",
            "Matching fabric undervisor, matching fabric sweatband, matching fabric adjustable strap with brass buckle, insert in sweatband"
        ],
        "tags": [
            "low profile hat",
            "unstructured hat",
            "twill hat",
            "baseball cap",
            "ball cap"
        ],
        "item_details": {
            "Color": "Royal",
            "Department": "mens",
            "Type": "sports-fan-baseball-caps"
        }
    },
    {
        "url": "https://utagear.merchorders.com/Product.php?pCat=Headwear&pSCat=&id=5603634&pid=6-38-UT0472",
        "pid": "6-38-UT0472",
        "product_name": "Royal Flat Bill Snapback Hat",
        "price": "$21.00",
        "product_description": "Elevate your street style with this hip flat bill, snap back hat - it''s a popular finishing touch to any edgy athletic look.",
        "product_details": [
            "100% cotton",
            "Embroidered logo",
            "6-panel Cap, Seamed front panel w/full buckram",
            "Pro stitch on crown, gray undervisor, plastic snap closure",
            "8 rows stitching on visor, 6 embroidered eyelets"
        ],
        "tags": [
            "snapback hat",
            "flat bill hat",
            "pro style hat",
            "baseball cap",
            "ball cap"
        ],
        "item_details": {
            "Brand": "Otto",
            "Color": "Royal",
            "Department": "mens",
            "Type": "sports-fan-baseball-caps"
        }
    },
    {
        "url": "https://utagear.merchorders.com/Product.php?pCat=Headwear&pSCat=&id=5603671&pid=6-38-UT1002",
        "pid": "6-38-UT1002",
        "product_name": "Charcoal Unstructured Adjustable Low Profile Hat",
        "price": "$20.00",
        "product_description": "With its relaxed styling, laid-back low profile and a flexible fit, this is your go-to casual hat. You''ll reach for it every time you head out the door.",
        "product_details": [
            "100% cotton",
            "Embroidered logo",
            "Unstructured, soft crown, low-fitting, 6-panel cap",
            "Seamed front panel without buckram, 6 embroidered eyelets matching crown color, Pro Stitch on crown, 6 rows stitching on visor",
            "Matching fabric undervisor, matching fabric sweatband, matching fabric adjustable strap with brass buckle, insert in sweatband"
        ],
        "tags": [
            "low profile hat",
            "unstructured hat",
            "twill hat",
            "baseball cap",
            "ball cap"
        ],
        "item_details": {
            "Color": "Charcoal",
            "Department": "mens",
            "Type": "sports-fan-baseball-caps"
        }
    },
    {
        "url": "https://utagear.merchorders.com/Product.php?pCat=Headwear&pSCat=&id=5605058&pid=6-38-UT1163B",
        "pid": "6-38-UT1163B",
        "product_name": "White Flexfit Structured Low Profile Hat",
        "price": "$22.00",
        "product_description": "With its relaxed styling and laid-back mid profile, this Flexfit hat is a best-seller. So comfortable and easy, it's the one you'll always want to wear.",
        "product_details": [
            "98% Cotton, 2% Spandex",
            "Embroidered logo",
            "6-panel, sizes S/M (6-7 3/4) - L/XL (7 1/8 - 7 5/8)",
            "Structured; stitched eyelets",
            "No back closure - flexible fit"
        ],
        "tags": [
            "flexfit hat",
            "low profile hat",
            "structured hat",
            "twill hat",
            "ball cap"
        ],
        "item_details": {
            "Brand": "FlexFit",
            "Color": "White",
            "Department": "mens",
            "Type": "sports-fan-baseball-caps"
        }
    },
    {
        "url": "https://utagear.merchorders.com/Product.php?pCat=Headwear&pSCat=&id=5605060&pid=6-38-UT0872B",
        "pid": "6-38-UT0872B",
        "product_name": "Charcoal Flat Bill Snapback Hat",
        "price": "$21.00",
        "product_description": "Elevate your street style with this hip flat bill, snap back hat - it''s a popular finishing touch to any edgy athletic look.",
        "product_details": [
            "100% cotton",
            "Embroidered logo",
            "6-panel Cap, Seamed front panel w/full buckram",
            "Pro stitch on crown, gray undervisor, plastic snap closure",
            "8 rows stitching on visor, 6 embroidered eyelets"
        ],
        "tags": [
            "snapback hat",
            "flat bill hat",
            "pro style hat",
            "baseball cap",
            "ball cap"
        ],
        "item_details": {
            "Brand": "Otto",
            "Color": "Charcoal",
            "Department": "mens",
            "Type": "sports-fan-baseball-caps"
        }
    },
    {
        "url": "https://utagear.merchorders.com/Product.php?pCat=Headwear&pSCat=&id=5605061&pid=6-38-UT0E72B",
        "pid": "6-38-UT0E72B",
        "product_name": "Heather Grey Wool Blend Flat Bill Snapback Hat",
        "price": "$21.00",
        "product_description": "Elevate your street style with this hip flat bill, snap back hat - it's a popular finishing touch to any edgy athletic look.",
        "product_details": [
            "15% Wool 85% Acrylic",
            "Embroidered logo",
            "6-panel Cap, Seamed front panel w/full buckram",
            "Pro stitch on crown, gray undervisor, plastic snap closure",
            "8 rows stitching on visor, 6 embroidered eyelets"
        ],
        "tags": [
            "snapback hat",
            "flat bill hat",
            "pro style hat",
            "baseball cap",
            "ball cap"
        ],
        "item_details": {
            "Brand": "Otto",
            "Color": "Heather Grey",
            "Department": "mens",
            "Type": "sports-fan-baseball-caps"
        }
    },
    {
        "url": "https://utagear.merchorders.com/Product.php?pCat=Headwear&pSCat=&id=9042985&pid=6-38-UT1163D",
        "pid": "6-38-UT1163D",
        "product_name": "White Flexfit Structured Low Profile Hat",
        "price": "$26.00",
        "product_description": "With its relaxed styling and laid-back mid profile, this Flexfit hat is a best-seller. So comfortable and easy, it's the one you'll always want to wear.",
        "product_details": [
            "98% Cotton, 2% Spandex",
            "Embroidered logo",
            "6-panel, sizes S/M (6-7 3/4) - L/XL (7 1/8 - 7 5/8)",
            "Structured; stitched eyelets",
            "No back closure - flexible fit"
        ],
        "tags": [
            "flexfit hat",
            "low profile hat",
            "structured hat",
            "twill hat",
            "ball cap"
        ],
        "item_details": {
            "Brand": "FlexFit",
            "Color": "White",
            "Department": "mens",
            "Type": "sports-fan-baseball-caps"
        }
    },
    {
        "url": "https://utagear.merchorders.com/Product.php?pCat=Headwear&pSCat=&id=9043000&pid=6-38-UT1136G",
        "pid": "6-38-UT1136G",
        "product_name": "White Unstructured Adjustable Low Profile Hat",
        "price": "$20.00",
        "product_description": "With its relaxed styling, laid-back low profile and a flexible fit, this is your go-to casual hat. You'll reach for it every time you head out the door.",
        "product_details": [
            "100% cotton",
            "Embroidered logo",
            "Unstructured, soft crown, low-fitting, 6-panel cap",
            "Seamed front panel without buckram, 6 embroidered eyelets matching crown color, Pro Stitch on crown, 6 rows stitching on visor",
            "Matching fabric undervisor, matching fabric sweatband, matching fabric adjustable strap with brass buckle, insert in sweatband"
        ],
        "tags": [
            "low profile hat",
            "unstructured hat",
            "twill hat",
            "baseball cap",
            "ball cap"
        ],
        "item_details": {
            "Color": "White",
            "Department": "mens",
            "Type": "sports-fan-baseball-caps"
        }
    },
    {
        "url": "https://utagear.merchorders.com/Product.php?pCat=Headwear&pSCat=&id=9043002&pid=6-38-UT1436J",
        "pid": "6-38-UT1436J",
        "product_name": "Royal Unstructured Adjustable Low Profile Hat",
        "price": "$20.00",
        "product_description": "With its relaxed styling, laid-back low profile and a flexible fit, this is your go-to casual hat. You''ll reach for it every time you head out the door.",
        "product_details": [
            "100% cotton",
            "Embroidered logo",
            "Unstructured, soft crown, low-fitting, 6-panel cap",
            "Seamed front panel without buckram, 6 embroidered eyelets matching crown color, Pro Stitch on crown, 6 rows stitching on visor",
            "Matching fabric undervisor, matching fabric sweatband, matching fabric adjustable strap with brass buckle, insert in sweatband"
        ],
        "tags": [
            "low profile hat",
            "unstructured hat",
            "twill hat",
            "baseball cap",
            "ball cap"
        ],
        "item_details": {
            "Color": "Royal",
            "Department": "mens",
            "Type": "sports-fan-baseball-caps"
        }
    }
]