[
    {
        "url": "https://utagear.merchorders.com/Product.php?pCat=Business+%26+Office+Supplies&pSCat=&id=10430241&pid=6-19-UTA115B",
        "pid": "6-19-UTA115B",
        "product_name": "Fabrizio Junior White Portfolio w/Loop Closure",
        "price": "$33.00",
        "product_description": "This sophisticated portfolio is all business with its sleek exterior and efficient interior. It features an exterior flap, strap and loop closure so your items stay secure.",
        "product_details": [
            "Vinyl exterior, brown felt lining",
            "Engraved logo",
            "Matching vinyl interior pen loop (pen not included)",
            "Notepad inside measures 6 x 9 inches and has 160 ivory lined pages",
            "Dimensions: 6 3/4 W x 9 5/8 H"
        ],
        "tags": [
            "writing pad",
            "padfolio",
            "notepad",
            "executive notepad",
            "notebook"
        ],
        "item_details": {
            "Color": "White",
            "Type": "sports-fan-notepad-holders"
        }
    },
    {
        "url": "https://utagear.merchorders.com/Product.php?pCat=Business+%26+Office+Supplies&pSCat=&id=10430242&pid=6-19-UTA215B",
        "pid": "6-19-UTA215B",
        "product_name": "Fabrizio Junior Black Portfolio w/Loop Closure",
        "price": "$33.00",
        "product_description": "This sophisticated portfolio is all business with its sleek exterior and efficient interior. It features an exterior flap, strap and loop closure - so your items stay secure. Refill Available.",
        "product_details": [
            "Vinyl exterior, brown felt lining",
            "Engraved logo",
            "Matching vinyl interior pen loop (pen not included)",
            "Notepad inside measures 6 x 9 inches and has 160 ivory lined pages",
            "Dimensions: 6-3/4 W x 9-5/8 H"
        ],
        "tags": [
            "writing pad",
            "padfolio",
            "notepad",
            "executive notepad",
            "notebook"
        ],
        "item_details": {
            "Color": "Black",
            "Type": "sports-fan-notepad-holders"
        }
    },
    {
        "url": "https://utagear.merchorders.com/Product.php?pCat=Business+%26+Office+Supplies&pSCat=&id=10430243&pid=6-19-UTA615B",
        "pid": "6-19-UTA615B",
        "product_name": "Fabrizio Junior Brown Portfolio w/Loop Closure",
        "price": "$33.00",
        "product_description": "This sophisticated portfolio is all business with its sleek exterior and efficient interior. It features an exterior flap, strap and loop closure - so your items stay secure.",
        "product_details": [
            "Vinyl exterior, brown felt lining",
            "Engraved logo",
            "Matching vinyl interior pen loop (pen not included)",
            "Notepad inside measures 6 x 9 inches and has 160 ivory lined pages",
            "Dimensions: 6-3/4 W x 9-5/8 H"
        ],
        "tags": [
            "writing pad",
            "padfolio",
            "notepad",
            "executive notepad",
            "notebook"
        ],
        "item_details": {
            "Color": "Brown",
            "Type": "sports-fan-notepad-holders"
        }
    },
    {
        "url": "https://utagear.merchorders.com/Product.php?pCat=Business+%26+Office+Supplies&pSCat=&id=10430244&pid=6-19-UTA715B",
        "pid": "6-19-UTA715B",
        "product_name": "Fabrizio Junior Grey Portfolio w/Loop Closure",
        "price": "$33.00",
        "product_description": "This sophisticated portfolio is all business with its sleek exterior and efficient interior. It features an exterior flap, strap and loop closure - so your items stay secure.",
        "product_details": [
            "Vinyl exterior, brown felt lining",
            "Engraved logo",
            "Matching vinyl interior pen loop (pen not included)",
            "Notepad inside measures 6 x 9 inches and has 160 ivory lined pages",
            "Dimensions: 6-3/4 W x 9-5/8 H"
        ],
        "tags": [
            "writing pad",
            "padfolio",
            "notepad",
            "executive notepad",
            "notebook"
        ],
        "item_details": {
            "Color": "Grey",
            "Type": "sports-fan-notepad-holders"
        }
    },
    {
        "url": "https://utagear.merchorders.com/Product.php?pCat=Business+%26+Office+Supplies&pSCat=&id=13570175&pid=6-63-UT0167B",
        "pid": "6-63-UT0167B",
        "product_name": "Metallic Mykonos Silver Pen",
        "price": "$3.00",
        "product_description": "A click action ballpoint pen with a lightweight barrel and a soft grip for comfort. Great for promotions or trade show giveaways!",
        "product_details": [
            "Plastic",
            "Screen printed logo",
            "Black ink, medium point",
            "Plastic clip for easy attachment to clothing or bag",
            "5-1/2"
        ],
        "tags": [
            "pen",
            "clickable pen",
            "ballpoint pen",
            "writing instrument",
            "business gift"
        ],
        "item_details": {
            "Color": "Silver",
            "Type": "sports-fan-writing-pens"
        }
    },
    {
        "url": "https://utagear.merchorders.com/Product.php?pCat=Business+%26+Office+Supplies&pSCat=&id=13932718&pid=6-63-UT024D",
        "pid": "6-63-UT024D",
        "product_name": "Bettoni Avante Black Rollerball Pen",
        "price": "$47.00",
        "product_description": "This stylish rollerball pen features a cap-off design, solid brass chrome cap, leather barrel and a chrome clip and trim. With customization included, these pens made ideal giveaways for conferences, trade expos, business seminars, job fairs and many other promotional venues!",
        "product_details": [
            "Cap-Off Design Rollerball",
            "Laser Engraved logo",
            "Solid Brass Cap; Leather Barrel; Chrome Clip & Accents",
            "German-Made Black Ink Refill",
            "Packaged in triangular gift box"
        ],
        "tags": [
            "pen",
            "executive pen",
            "writing instrument",
            "rollerball pen",
            "executive gift"
        ],
        "item_details": {
            "Color": "Black",
            "Type": "sports-fan-writing-pens"
        }
    },
    {
        "url": "https://utagear.merchorders.com/Product.php?pCat=Business+%26+Office+Supplies&pSCat=&id=5505712&pid=6-62-UTB215",
        "pid": "6-62-UTB215",
        "product_name": "Fabrizio Black Padfolio",
        "price": "$34.00",
        "product_description": "This sophisticated padfolio is all business with its sleek exterior and efficient interior. Sophisticated, uncomplicated presentation lets you maintain big-picture focus.",
        "product_details": [
            "Vinyl exterior, brown felt lining",
            "Engraved logo",
            "Black elastic pen loop (pen not included)",
            "7 interior card slots; 2 interior document slots and a notepad measures 5 1/2 in. x 8 1/2 in. with 60 white lined pages (refillable)",
            "Dimensions: 7.000 in W x 9.625 in. H"
        ],
        "tags": [
            "writing pad",
            "padfolio",
            "notepad",
            "executive notepad",
            "notebook"
        ],
        "item_details": {
            "Color": "Black",
            "Type": "sports-fan-notepad-holders"
        }
    },
    {
        "url": "https://utagear.merchorders.com/Product.php?pCat=Business+%26+Office+Supplies&pSCat=&id=5505718&pid=6-62-UTC220",
        "pid": "6-62-UTC220",
        "product_name": "Fabrizio Black Hard Cover Journal",
        "price": "$21.00",
        "product_description": "This sophisticated hard cover journal is all business with its sleek exterior and efficient interior. Sophisticated, uncomplicated presentation lets you maintain big-picture focus.",
        "product_details": [
            "Vinyl hard cover journal with an elastic band closure",
            "Engraved logo",
            "Interior gusseted pocket on back inside cover",
            "192 ivory lined pages (non-refillable)",
            "Dimensions: 5.5 w x 8.25 h"
        ],
        "tags": [
            "writing pad",
            "padfolio",
            "notepad",
            "executive notepad",
            "notebook"
        ],
        "item_details": {
            "Color": "Black",
            "Type": "sports-fan-notepad-holders"
        }
    },
    {
        "url": "https://utagear.merchorders.com/Product.php?pCat=Business+%26+Office+Supplies&pSCat=&id=5505720&pid=6-62-UTC620",
        "pid": "6-62-UTC620",
        "product_name": "Fabrizio Brown Hard Cover Journal",
        "price": "$21.00",
        "product_description": "This sophisticated hard cover journal is all business with its sleek exterior and efficient interior. Sophisticated, uncomplicated presentation lets you maintain big-picture focus.",
        "product_details": [
            "Vinyl hard cover journal with an elastic band closure",
            "Engraved logo",
            "Interior gusseted pocket on back inside cover",
            "192 ivory lined pages (non-refillable)",
            "Dimensions: 5.5 W x 8.25 H"
        ],
        "tags": [
            "writing pad",
            "padfolio",
            "notepad",
            "executive notepad",
            "notebook"
        ],
        "item_details": {
            "Color": "Brown",
            "Type": "sports-fan-notepad-holders"
        }
    },
    {
        "url": "https://utagear.merchorders.com/Product.php?pCat=Business+%26+Office+Supplies&pSCat=&id=5505722&pid=6-62-UTD220",
        "pid": "6-62-UTD220",
        "product_name": "Fabrizio Black Soft Cover Journal",
        "price": "$17.00",
        "product_description": "This sophisticated soft cover journal is all business with its sleek exterior and efficient interior. Sophisticated, uncomplicated presentation lets you maintain big-picture focus.",
        "product_details": [
            "Soft cover journal",
            "Engraved logo",
            "Ribbon bookmark and perforated inner margins",
            "160 ivory lined pages (non-refillable)",
            "Dimensions: 5.5 w x 8.25 h"
        ],
        "tags": [
            "writing pad",
            "padfolio",
            "notepad",
            "executive notepad",
            "notebook"
        ],
        "item_details": {
            "Color": "Black",
            "Type": "sports-fan-notepad-holders"
        }
    },
    {
        "url": "https://utagear.merchorders.com/Product.php?pCat=Business+%26+Office+Supplies&pSCat=&id=5505725&pid=6-62-UTD620",
        "pid": "6-62-UTD620",
        "product_name": "Fabrizio Brown Soft Cover Journal",
        "price": "$17.00",
        "product_description": "This sophisticated soft cover journal is all business with its sleek exterior and efficient interior. Sophisticated, uncomplicated presentation lets you maintain big-picture focus.",
        "product_details": [
            "Soft cover journal",
            "Engraved logo",
            "Ribbon bookmark and perforated inner margins",
            "160 ivory lined pages (non-refillable)",
            "Dimensions: 5.5 W x 8.25 H"
        ],
        "tags": [
            "writing pad",
            "padfolio",
            "notepad",
            "executive notepad",
            "notebook"
        ],
        "item_details": {
            "Color": "Brown",
            "Type": "sports-fan-notepad-holders"
        }
    },
    {
        "url": "https://utagear.merchorders.com/Product.php?pCat=Business+%26+Office+Supplies&pSCat=&id=5505728&pid=6-62-UTE220",
        "pid": "6-62-UTE220",
        "product_name": "Fabrizio Black Portfolio",
        "price": "$48.00",
        "product_description": "This sophisticated portfolio is all business with its sleek exterior and efficient interior. It features a refillable notebook, and interior slots for business cards to keep you organized.",
        "product_details": [
            "Vinyl exterior, brown felt lining",
            "Engraved logo",
            "Matching vinyl interior pen loop (pen not included)",
            "Notebook inside measures 6 x 9 and has 144 lined pages. Notebook pages and covers are colored with organic, soy based inks with 90% recycled materials",
            "Dimensions: 7.000 in. W x 9.625 H"
        ],
        "tags": [
            "writing pad",
            "padfolio",
            "notepad",
            "executive notepad",
            "notebook"
        ],
        "item_details": {
            "Color": "Black",
            "Type": "sports-fan-notepad-holders"
        }
    },
    {
        "url": "https://utagear.merchorders.com/Product.php?pCat=Business+%26+Office+Supplies&pSCat=&id=5505730&pid=6-62-UTE620",
        "pid": "6-62-UTE620",
        "product_name": "Fabrizio Brown Portfolio",
        "price": "$48.00",
        "product_description": "This sophisticated portfolio is all business with its sleek exterior and efficient interior. It features a refillable notebook, and interior slots for business cards to keep you organized.",
        "product_details": [
            "Vinyl exterior, brown felt lining",
            "Engraved logo",
            "Matching vinyl interior pen loop (pen not included)",
            "Notebook inside measures 6 x 9 and has 144 lined pages. Notebook pages and covers are colored with organic, soy based inks with 90% recycled materials",
            "Dimensions: 7.000 in. W x 9.625 H"
        ],
        "tags": [
            "writing pad",
            "padfolio",
            "notepad",
            "executive notepad",
            "notebook"
        ],
        "item_details": {
            "Color": "Brown",
            "Type": "sports-fan-notepad-holders"
        }
    },
    {
        "url": "https://utagear.merchorders.com/Product.php?pCat=Business+%26+Office+Supplies&pSCat=&id=5505900&pid=6-62-UTB615A",
        "pid": "6-62-UTB615A",
        "product_name": "Fabrizio Brown Padfolio",
        "price": "$34.00",
        "product_description": "This sophisticated padfolio is all business with its sleek exterior and efficient interior. Sophisticated, uncomplicated presentation lets you maintain big-picture focus.",
        "product_details": [
            "Vinyl exterior, brown felt lining",
            "Engraved logo",
            "Black elastic pen loop (pen not included)",
            "7 interior card slots; 2 interior document slots and a notepad measures 5 1/2 in. x 8 1/2 in. with 60 white lined pages (refillable)",
            "Dimensions: 7.000 in W x 9.625 in. H"
        ],
        "tags": [
            "writing pad",
            "padfolio",
            "notepad",
            "executive notepad",
            "notebook"
        ],
        "item_details": {
            "Color": "Brown",
            "Type": "sports-fan-notepad-holders"
        }
    },
    {
        "url": "https://utagear.merchorders.com/Product.php?pCat=Business+%26+Office+Supplies&pSCat=&id=5505912&pid=6-62-UT1600A",
        "pid": "6-62-UT1600A",
        "product_name": "Black Metal Business Card Case",
        "price": "$15.00",
        "product_description": "Call it new vintage. Call it classic contemporary. We just call it one of our coolest yet. This simple yet elegant twist combines shiny silver case with a unique textured black matte cover and hinged lid. The look is irresistible, with depth and confidence to spare.",
        "product_details": [
            "High gloss chrome case",
            "Black matte cover and hinged lid",
            "Laser engraved logo",
            "Perfect gift for business associate, graduate or yourself",
            "4 x 2.5 x 1.4"
        ],
        "tags": [
            "business card case",
            "business card holder",
            "card case",
            "card holder",
            "card carrying case"
        ],
        "item_details": {
            "Color": "Black/Silver",
            "Type": "sports-fan-office-products"
        }
    },
    {
        "url": "https://utagear.merchorders.com/Product.php?pCat=Business+%26+Office+Supplies&pSCat=&id=5506096&pid=6-62-UT0A4GA",
        "pid": "6-62-UT0A4GA",
        "product_name": "Silver Star Paperweight",
        "price": "$20.00",
        "product_description": "This beautiful shimmering star paper weight is a wonderful way to recognize someone special.",
        "product_details": [
            "Polished chrome metal",
            "Laser engraved logo",
            "Silver plated star has a mirrored silver finish",
            "This gift is a lasting keepsake to treasure for years to come.",
            "Dimensions: 4 x 4 x 1"
        ],
        "tags": [
            "star",
            "Paperweight",
            "desk accessory",
            "award",
            "business gift"
        ],
        "item_details": {
            "Color": "Silver",
            "Type": "sports-fan-paper-weights"
        }
    },
    {
        "url": "https://utagear.merchorders.com/Product.php?pCat=Business+%26+Office+Supplies&pSCat=&id=5506144&pid=6-19-UTA115A",
        "pid": "6-19-UTA115A",
        "product_name": "Fabrizio Junior White Portfolio w/Loop Closure",
        "price": "$33.00",
        "product_description": "This sophisticated portfolio is all business with its sleek exterior and efficient interior. It features an exterior flap, strap and loop closure so your items stay secure.",
        "product_details": [
            "Vinyl exterior, brown felt lining",
            "Engraved logo",
            "Matching vinyl interior pen loop (pen not included)",
            "Notepad inside measures 6 x 9 inches and has 160 ivory lined pages",
            "Dimensions: 6 3/4 W x 9 5/8 H"
        ],
        "tags": [
            "writing pad",
            "padfolio",
            "notepad",
            "executive notepad",
            "notebook"
        ],
        "item_details": {
            "Color": "White",
            "Type": "sports-fan-notepad-holders"
        }
    },
    {
        "url": "https://utagear.merchorders.com/Product.php?pCat=Business+%26+Office+Supplies&pSCat=&id=5506145&pid=6-19-UTA215A",
        "pid": "6-19-UTA215A",
        "product_name": "Fabrizio Junior Black Portfolio w/Loop Closure",
        "price": "$33.00",
        "product_description": "This sophisticated portfolio is all business with its sleek exterior and efficient interior. It features an exterior flap, strap and loop closure - so your items stay secure. Refill Available.",
        "product_details": [
            "Vinyl exterior, brown felt lining",
            "Engraved logo",
            "Matching vinyl interior pen loop (pen not included)",
            "Notepad inside measures 6 x 9 inches and has 160 ivory lined pages",
            "Dimensions: 6-3/4 W x 9-5/8 H"
        ],
        "tags": [
            "writing pad",
            "padfolio",
            "notepad",
            "executive notepad",
            "notebook"
        ],
        "item_details": {
            "Color": "Black",
            "Type": "sports-fan-notepad-holders"
        }
    },
    {
        "url": "https://utagear.merchorders.com/Product.php?pCat=Business+%26+Office+Supplies&pSCat=&id=5506146&pid=6-19-UTA615A",
        "pid": "6-19-UTA615A",
        "product_name": "Fabrizio Junior Brown Portfolio w/Loop Closure",
        "price": "$33.00",
        "product_description": "This sophisticated portfolio is all business with its sleek exterior and efficient interior. It features an exterior flap, strap and loop closure - so your items stay secure.",
        "product_details": [
            "Vinyl exterior, brown felt lining",
            "Engraved logo",
            "Matching vinyl interior pen loop (pen not included)",
            "Notepad inside measures 6 x 9 inches and has 160 ivory lined pages",
            "Dimensions: 6-3/4 W x 9-5/8 H"
        ],
        "tags": [
            "writing pad",
            "padfolio",
            "notepad",
            "executive notepad",
            "notebook"
        ],
        "item_details": {
            "Color": "Brown",
            "Type": "sports-fan-notepad-holders"
        }
    },
    {
        "url": "https://utagear.merchorders.com/Product.php?pCat=Business+%26+Office+Supplies&pSCat=&id=5506147&pid=6-19-UTA715A",
        "pid": "6-19-UTA715A",
        "product_name": "Fabrizio Junior Grey Portfolio w/Loop Closure",
        "price": "$33.00",
        "product_description": "This sophisticated portfolio is all business with its sleek exterior and efficient interior. It features an exterior flap, strap and loop closure - so your items stay secure.",
        "product_details": [
            "Vinyl exterior, brown felt lining",
            "Engraved logo",
            "Matching vinyl interior pen loop (pen not included)",
            "Notepad inside measures 6 x 9 inches and has 160 ivory lined pages",
            "Dimensions: 6-3/4 W x 9-5/8 H"
        ],
        "tags": [
            "writing pad",
            "padfolio",
            "notepad",
            "executive notepad",
            "notebook"
        ],
        "item_details": {
            "Color": "Grey",
            "Type": "sports-fan-notepad-holders"
        }
    },
    {
        "url": "https://utagear.merchorders.com/Product.php?pCat=Business+%26+Office+Supplies&pSCat=&id=5506148&pid=6-19-UTB220A",
        "pid": "6-19-UTB220A",
        "product_name": "Fabrizio Black Portfolio w/Loop Closure",
        "price": "$50.00",
        "product_description": "This sophisticated portfolio is all business with its sleek exterior and efficient interior. It features an exterior flap, strap and loop closure - so your items stay secure.",
        "product_details": [
            "Vinyl exterior, brown felt lining",
            "Engraved logo",
            "Matching vinyl interior pen loop (pen not included)",
            "Notepad inside measures 8 3/8 x 10 7/8 inches and has 96 ivory lined pages",
            "Dimensions: 8-3/4 W x 12 H"
        ],
        "tags": [
            "writing pad",
            "padfolio",
            "notepad",
            "executive notepad",
            "notebook"
        ],
        "item_details": {
            "Color": "Black",
            "Type": "sports-fan-notepad-holders"
        }
    },
    {
        "url": "https://utagear.merchorders.com/Product.php?pCat=Business+%26+Office+Supplies&pSCat=&id=5506149&pid=6-19-UTB620A",
        "pid": "6-19-UTB620A",
        "product_name": "Fabrizio Brown Portfolio w/Loop Closure",
        "price": "$50.00",
        "product_description": "This sophisticated portfolio is all business with its sleek exterior and efficient interior. It features an exterior flap, strap and loop closure - so your items stay secure.",
        "product_details": [
            "Vinyl exterior, brown felt lining",
            "Engraved logo",
            "Matching vinyl interior pen loop (pen not included)",
            "Notepad inside measures 8 3/8 x 10 7/8 inches and has 96 ivory lined pages",
            "Dimensions: 8-3/4 W x 12 H"
        ],
        "tags": [
            "writing pad",
            "padfolio",
            "notepad",
            "executive notepad",
            "notebook"
        ],
        "item_details": {
            "Color": "Brown",
            "Type": "sports-fan-notepad-holders"
        }
    },
    {
        "url": "https://utagear.merchorders.com/Product.php?pCat=Business+%26+Office+Supplies&pSCat=&id=5506150&pid=6-19-UTB720A",
        "pid": "6-19-UTB720A",
        "product_name": "Fabrizio Grey Portfolio w/Loop Closure",
        "price": "$50.00",
        "product_description": "This sophisticated portfolio is all business with its sleek exterior and efficient interior. It features an exterior flap, strap and loop closure - so your items stay secure.",
        "product_details": [
            "Vinyl exterior, brown felt lining",
            "Engraved logo",
            "Matching vinyl interior pen loop (pen not included)",
            "Notepad inside measures 8 3/8 x 10 7/8 inches and has 96 ivory lined pages",
            "Dimensions: 8-3/4 W x 12 H"
        ],
        "tags": [
            "writing pad",
            "padfolio",
            "notepad",
            "executive notepad",
            "notebook"
        ],
        "item_details": {
            "Color": "Grey",
            "Type": "sports-fan-notepad-holders"
        }
    },
    {
        "url": "https://utagear.merchorders.com/Product.php?pCat=Business+%26+Office+Supplies&pSCat=&id=5506564&pid=6-33-UT2GKPA",
        "pid": "6-33-UT2GKPA",
        "product_name": "5x7 White Hard Cover Journal",
        "price": "$10.00",
        "product_description": "Enjoy a journal size that meets you in the middle. Designed to fit inside your backpack or handbag, this notable white journal allows you to keep your thoughts close to you. It's hard cover has a soft feel and is filled with 80 lined pages for taking notes or planning that vacation you've been dreaming of. A matching ribbon page holder make it easy to find your place, while an elastic band closure keeps your planner safe and secure.",
        "product_details": [
            "Size: 5x7",
            "Ink jet logo",
            "80 white lined sheets",
            "PVC cover",
            "Elastic band closure and ribbon bookmark to mark your place"
        ],
        "tags": [
            "daily journal",
            "journal",
            "writing journal",
            "notebook",
            "diary"
        ],
        "item_details": {
            "Color": "White",
            "Type": "sports-fan-subject-notebooks"
        }
    },
    {
        "url": "https://utagear.merchorders.com/Product.php?pCat=Business+%26+Office+Supplies&pSCat=&id=5516095&pid=6-66-UT0A4L",
        "pid": "6-66-UT0A4L",
        "product_name": "Mini Basketball & Hoop Set",
        "price": "$18.00",
        "product_description": "Pop a shot with this desktop basketball game when you want to relax or occupy your time. The hoop and backboard fastens to any flat surface with 2 suction cups and is made from extra strong durable material to ensure that you can enjoy hours of slam dunking fun.",
        "product_details": [
            "PVC Basketball And Suction Cups For Mounting",
            "Inkjet logo",
            "Includes Pre-Assembled Backboard with Hoop, and mini ball",
            "No messy drill holes - suction cups make net easy to set up and remove",
            "Never again be bored in the office"
        ],
        "tags": [
            "office game",
            "desk bball",
            "basketball game",
            "mini game",
            "hoop game"
        ],
        "item_details": {
            "Color": "Full Color",
            "Type": "sports-fan-office-products"
        }
    },
    {
        "url": "https://utagear.merchorders.com/Product.php?pCat=Business+%26+Office+Supplies&pSCat=&id=5517057&pid=6-63-UT0199A",
        "pid": "6-63-UT0199A",
        "product_name": "Tri Liter",
        "price": "$5.00",
        "product_description": "This efficient highlighter offers three colors in one unit! The chisel-point tips produce fine lines or bold strokes. It is perfect for the office or the classroom.",
        "product_details": [
            "Plastic highlighter, acrylic tip",
            "Screen printed logo",
            "Pink, yellow, and green highlighters",
            "Non-toxic ink",
            "Great for promotions or trade show giveaways"
        ],
        "tags": [
            "tri-liter",
            "tri color highlighter",
            "hiliter",
            "highlighter",
            "office supplies"
        ],
        "item_details": {
            "Color": "White",
            "Type": "sports-fan-writing-pens"
        }
    },
    {
        "url": "https://utagear.merchorders.com/Product.php?pCat=Business+%26+Office+Supplies&pSCat=&id=5517540&pid=6-66-UT0265B",
        "pid": "6-66-UT0265B",
        "product_name": "Black Letter Opener",
        "price": "$5.00",
        "product_description": "Save time and avoid paper cuts when you use this sturdy envelope slitter. Bold, eye-catching design makes it a perfect item for promotions or trade show giveaways!",
        "product_details": [
            "Plastic",
            "Inkjet logo",
            "Stainless steel blade",
            "Must have for your office",
            "Dimensions: 0.125 H X 3.125 W X 2.062 D"
        ],
        "tags": [
            "letter opener",
            "mail opener",
            "mailroom supplies",
            "desk supplies",
            "office supplies"
        ],
        "item_details": {
            "Color": "Black",
            "Type": "sports-fan-letter-openers"
        }
    }
]