[
    {
        "url": "https://utagear.merchorders.com/Product.php?pCat=Bags&pSCat=&id=13834978&pid=6-33-UT0BUR",
        "pid": "6-33-UT0BUR",
        "product_name": "Natural Cotton Laundry Bag",
        "price": "$13.00",
        "product_description": "Drawstring laundry bag with front open pocket. Front open pocket measures: approx 7in W x 8in H. To clean, wipe with dry cloth.",
        "product_details": [
            "3.5 oz. cotton",
            "Screen Print Logo",
            "Recommended weight tolerance- 22 lbs",
            "Product Size- 19in W x 25.5in H"
        ],
        "tags": [
            "laundry",
            "laundry bag",
            "drawstring laundry bag",
            "bag",
            "cotton bag"
        ],
        "item_details": {
            "Color": "Natural",
            "Type": "sports-fan-laundry-bags"
        }
    },
    {
        "url": "https://utagear.merchorders.com/Product.php?pCat=Bags&pSCat=&id=5505641&pid=6-62-UT0E7K",
        "pid": "6-62-UT0E7K",
        "product_name": "Canyon Tan Buffalo Valley Briefcase",
        "price": "$374.00",
        "product_description": "Distressed buffalo hide adds classic durability to this simple soft-sided casual brief. Top load main compartment and two easy-access full-length exterior pockets keep you organized while on the go. The shoulder strap adjusts from 36 inches to 54 inches, or can be detached. Includes matching double stitched leather luggage tag with removable buckle strap.",
        "product_details": [
            "15 1/2 W X 11 H X 4 D",
            "Distressed Buffalo Hide-Tan",
            "Interior nylon organizer and protective 420D/PVC backed lining",
            "Laptop sleeve: 13 W x 9 H x 1 1/2 D; fits most 15.7 inch laptops",
            "Engraved luggage tag"
        ],
        "tags": [
            "executive bag",
            "computer bag",
            "computer briefcase",
            "computer satchel",
            "laptop bag"
        ],
        "item_details": {
            "Brand": "Canyon",
            "Color": "Brown",
            "Type": "sports-fan-laptop-bags"
        }
    },
    {
        "url": "https://utagear.merchorders.com/Product.php?pCat=Bags&pSCat=&id=5505649&pid=6-62-UT0G7K",
        "pid": "6-62-UT0G7K",
        "product_name": "Canyon Tan Texas Briefcase",
        "price": "$402.00",
        "product_description": "This full grain everyday professional buffalo hide leather brief features two large main zippered compartments with a padded slot for media devices under one and a small pocket for smartphones and business cards. Under the flap are three zippered compartments and pen slots. Includes matching double stitched leather luggage tag with removable buckle strap.",
        "product_details": [
            "15 1/4 W X 11 H X 4 D",
            "Distressed Buffalo Hide-Tan",
            "Shoulder strap adjusts from 38 inches to 62 inches",
            "Convenient magnetic snap on the flap for security",
            "Engraved luggage tag"
        ],
        "tags": [
            "executive bag",
            "computer bag",
            "computer briefcase",
            "computer satchel",
            "laptop bag"
        ],
        "item_details": {
            "Brand": "Canyon",
            "Color": "Brown",
            "Type": "sports-fan-laptop-bags"
        }
    },
    {
        "url": "https://utagear.merchorders.com/Product.php?pCat=Bags&pSCat=&id=5505846&pid=6-72-UT0A65",
        "pid": "6-72-UT0A65",
        "product_name": "The Ultimate Black Computer Backpack",
        "price": "$44.00",
        "product_description": "Style meets function. This classic backpack provides a double zippered main compartment, and three front zippered compartments. Inside padded pocket for laptops or tablets, and a built in slot for ear buds.",
        "product_details": [
            "600d polyester",
            "Embroidered logo",
            "Back padded panel; padded, adjustable shoulder straps; top grab handle",
            "Built-In Slot For Ear Buds, Side mesh pockets",
            "Dimensions: 13 W x 18 H x 6 D"
        ],
        "tags": [
            "computer backpack",
            "laptop backpack",
            "notebook backpack",
            "computer bag",
            "laptop bag"
        ],
        "item_details": {
            "Color": "Black",
            "Type": "sports-fan-backpacks"
        }
    },
    {
        "url": "https://utagear.merchorders.com/Product.php?pCat=Bags&pSCat=&id=5508722&pid=6-33-UT12OEB",
        "pid": "6-33-UT12OEB",
        "product_name": "Homerun Black Computer Backpack",
        "price": "$38.00",
        "product_description": "This rugged computer backpack is designed for work or play. It features ample storage, including dual side mesh pockets for water bottles, a front pocket and tri ring for keys, a zippered front pocket with multi-function organizer and an earphone outlet for your MP3 player.",
        "product_details": [
            "600D Polyester",
            "printed logo",
            "Built-In Slot For Earbuds, Front Zippered Pocket, Spot Clean/Air Dry",
            "Adjustable Shoulder Straps And Web Carrying Handle",
            "Dimensions: 12in W x 18in H x 5 1/2in D"
        ],
        "tags": [
            "computer backpack",
            "laptop backpack",
            "notebook backpack",
            "computer bag",
            "laptop bag"
        ],
        "item_details": {
            "Color": "Black",
            "Type": "sports-fan-backpacks"
        }
    },
    {
        "url": "https://utagear.merchorders.com/Product.php?pCat=Bags&pSCat=&id=5509526&pid=6-72-UT0240B",
        "pid": "6-72-UT0240B",
        "product_name": "Black Embassy Plus Rolling Computer Brief",
        "price": "$149.00",
        "product_description": "Frequent travelers will stay organized on the go with this versatile rolling brief that features a reinforced pull handle. It offers ample storage, including a padded laptop sleeve and rear accordion file section, a front organizer section with slip pockets, and a zippered mesh accessory pocket.",
        "product_details": [
            "600d polyester",
            "Embroidered logo",
            "Lockout pull handle, detachable padded shoulder strap, and backside Velcro strap for travel convenience",
            "Laptop pocket size: 15.5",
            "Dimensions: 16.25"
        ],
        "tags": [
            "rolling computer brief",
            "rolling bag",
            "rolling case",
            "wheeled computer brief",
            "wheeled case"
        ],
        "item_details": {
            "Brand": "Embassy Plus",
            "Color": "Black",
            "Type": "sports-fan-laptop-bags"
        }
    },
    {
        "url": "https://utagear.merchorders.com/Product.php?pCat=Bags&pSCat=&id=5510927&pid=6-72-UT0149C",
        "pid": "6-72-UT0149C",
        "product_name": "High Sierra Black Swerve Computer Backpack",
        "price": "$107.00",
        "product_description": "A staple for everyday use, this versatile backpack is ideal for students or athletes. An abundance of pockets makes organizing a snap.",
        "product_details": [
            "600d polycanvas",
            "Embroidered logo",
            "Padded interior computer sleeve (holds a 17 inch laptop), multiple pockets, and key fob.",
            "Media player pocket. Valuables pocket for smartphone. Side mesh water bottle pockets.",
            "Dimensions: 19 H x 13 W x 8.5 L"
        ],
        "tags": [
            "computer backpack",
            "laptop backpack",
            "notebook backpack",
            "computer bag",
            "laptop bag"
        ],
        "item_details": {
            "Brand": "High Sierra",
            "Color": "Black",
            "Type": "sports-fan-backpacks"
        }
    },
    {
        "url": "https://utagear.merchorders.com/Product.php?pCat=Bags&pSCat=&id=5516090&pid=6-66-UT0642",
        "pid": "6-66-UT0642",
        "product_name": "Game Day Clear Stadium Tote",
        "price": "$14.00",
        "product_description": "This clear tote is perfect for fans cheering on their favorite team! Also great for workplace safety, or carrying event day items. Open main compartment with sporty webbing trim and dual carrying handles make this bag a must have!",
        "product_details": [
            "Clear, durable PVC material",
            "Inkjet Logo",
            "Black Trim and handles. Reinforced seams for extra durability.",
            "NFL stadium approved, our bag meets the NFL requirement that logo sizes do not exceed 4.5 H x 3.4 W",
            "Dimensions: 12 H X 6 W X 12 L"
        ],
        "tags": [
            "clear tote",
            "stadium tote",
            "stadium bag",
            "game tote",
            "event bag"
        ],
        "item_details": {
            "Color": "Clear",
            "Type": "sports-fan-totebags"
        }
    },
    {
        "url": "https://utagear.merchorders.com/Product.php?pCat=Bags&pSCat=&id=5517454&pid=6-33-UT16H9B",
        "pid": "6-33-UT16H9B",
        "product_name": "Contender White/Orange Canvas Tote",
        "price": "$13.00",
        "product_description": "Whether you are shopping, commuting, or sightseeing, this canvas tote bag is your practical companion. 23-inch over the shoulder straps allow for easy carrying, and open-top design offers quick access.",
        "product_details": [
            "600d PolyCanvas",
            "Decal logo",
            "Contrast bottom and handles",
            "Large open main compartment for all of your essentials, open front pocket for easy access to keys",
            "Dimensions: 11.188 H x 18.125 W x 3.75 L"
        ],
        "tags": [
            "tote",
            "canvas tote",
            "travel tote",
            "shoulder tote",
            "tote bag"
        ],
        "item_details": {
            "Color": "White/Orange",
            "Type": "sports-fan-totebags"
        }
    },
    {
        "url": "https://utagear.merchorders.com/Product.php?pCat=Bags&pSCat=&id=5517550&pid=6-72-UT02A1B",
        "pid": "6-72-UT02A1B",
        "product_name": "Allie Black Canvas Tote",
        "price": "$29.00",
        "product_description": "Shopping, commuting or sightseeing, Allie is your companion for a day on the go.",
        "product_details": [
            "14 oz 100% cotton",
            "Embroidered logo",
            "Contrast lining, striped handles and large metal grommets add a touch of whimsy to this casual tote.",
            "The open-top design offers easy access. An interior zippered pocket keeps small essentials secure.",
            "Dimensions: 15.75 x 13.25 x 3.5"
        ],
        "tags": [
            "tote",
            "canvas tote",
            "travel tote",
            "shoulder tote",
            "tote bag"
        ],
        "item_details": {
            "Brand": "Port Authority",
            "Color": "Black",
            "Type": "sports-fan-totebags"
        }
    },
    {
        "url": "https://utagear.merchorders.com/Product.php?pCat=Bags&pSCat=&id=5517555&pid=6-72-UT2228B",
        "pid": "6-72-UT2228B",
        "product_name": "High Sierra Black Switch Blade Duffel",
        "price": "$98.00",
        "product_description": "Durable and dependable - a great combination. This rugged bag is ideal for training or traveling. It is roomy enough for your gear, but practical for carry-on use as well.",
        "product_details": [
            "600d polycanvas and ripstop nylon",
            "Embroidered logo",
            "Large main compartment with u-shaped opening, detachable, adjustable shoulder strap",
            "End pocket for CD/media player with headphone port, zippered front pocket",
            "Dimensions: 10.5 H x 22 W x 10 L"
        ],
        "tags": [
            "duffel bag",
            "athletic bag",
            "gym bag",
            "travel duffel",
            "sport bag"
        ],
        "item_details": {
            "Brand": "High Sierra",
            "Color": "Black",
            "Type": "sports-fan-duffle-bags"
        }
    },
    {
        "url": "https://utagear.merchorders.com/Product.php?pCat=Bags&pSCat=&id=5517794&pid=6-33-UT04RMB",
        "pid": "6-33-UT04RMB",
        "product_name": "Non Woven Royal Grocery Tote",
        "price": "$8.00",
        "product_description": "This grocery tote is the perfect GREEN bag for the grocery and retail marketplace. 15-inch over the shoulder straps allow for easy carrying, and open-top design offers quick access",
        "product_details": [
            "Non-Woven Poly",
            "Screen printed logo",
            "Constructed with cloth-like non-woven polypropylene.",
            "High quality and hand sewn, these bags are tear-resistant, water-repellent and long-lasting!",
            "Dimensions: 15 H x 13 W x 10 D"
        ],
        "tags": [
            "tote",
            "grocery tote",
            "reusable tote",
            "shoulder tote",
            "tote bag"
        ],
        "item_details": {
            "Brand": "Metropak",
            "Color": "Royal",
            "Type": "sports-fan-totebags"
        }
    },
    {
        "url": "https://utagear.merchorders.com/Product.php?pCat=Bags&pSCat=&id=5517795&pid=6-33-UT06RMB",
        "pid": "6-33-UT06RMB",
        "product_name": "Non Woven Orange Grocery Tote",
        "price": "$8.00",
        "product_description": "This grocery tote is the perfect GREEN bag for the grocery and retail marketplace. 15-inch over the shoulder straps allow for easy carrying, and open-top design offers quick access",
        "product_details": [
            "Non-Woven Poly",
            "Screen printed logo",
            "Constructed with cloth-like non-woven polypropylene.",
            "High quality and hand sewn, these bags are tear-resistant, water-repellent and long-lasting!",
            "Dimensions: 15 H x 13 W x 10 D"
        ],
        "tags": [
            "tote",
            "grocery tote",
            "reusable tote",
            "shoulder tote",
            "tote bag"
        ],
        "item_details": {
            "Brand": "Metropak",
            "Color": "Orange",
            "Type": "sports-fan-totebags"
        }
    },
    {
        "url": "https://utagear.merchorders.com/Product.php?pCat=Bags&pSCat=&id=5517798&pid=6-33-UT12LEB",
        "pid": "6-33-UT12LEB",
        "product_name": "Black Impulse Backpack",
        "price": "$29.00",
        "product_description": "A staple for everyday use, this versatile backpack is ideal for students or athletes. Sporty design and bold colors offer an eye-catching look, and pockets make organizing a snap.",
        "product_details": [
            "600d polyester/honeycomb accent",
            "Printed logo",
            "Front zippered pocket with organizer",
            "Adjustable, padded shoulder straps and top grab handle, Front pocket",
            "Dimensions:12 L x 17.5 H x 7 W"
        ],
        "tags": [
            "daypack",
            "backpack",
            "travel pack",
            "daybag",
            "travel bag"
        ],
        "item_details": {
            "Color": "Black",
            "Type": "sports-fan-backpacks"
        }
    },
    {
        "url": "https://utagear.merchorders.com/Product.php?pCat=Bags&pSCat=&id=5518259&pid=6-33-UT1J13C",
        "pid": "6-33-UT1J13C",
        "product_name": "Six Pack Orange Cooler",
        "price": "$13.00",
        "product_description": "This Six-Pack Kooler is a kooler staple - so whether you're having a beach, backyard or board retreat, it will keep everyone refreshed throughout the day.",
        "product_details": [
            "70D nylon, durable watertight construction",
            "Screen printed logo",
            "32in shoulder length strap with additional front slip pocket",
            "Room for 6-pack and more",
            "Product size: 8-5/8"
        ],
        "tags": [
            "cooler",
            "bottle cooler",
            "can cooler",
            "soft cooler",
            "travel cooler"
        ],
        "item_details": {
            "Color": "Orange",
            "Type": "sports-fan-coolers"
        }
    },
    {
        "url": "https://utagear.merchorders.com/Product.php?pCat=Bags&pSCat=&id=5518267&pid=6-33-UT1B13C",
        "pid": "6-33-UT1B13C",
        "product_name": "Six Pack Royal Cooler",
        "price": "$13.00",
        "product_description": "This Six-Pack Kooler is a kooler staple - so whether you're having a beach, backyard or board retreat, it will keep everyone refreshed throughout the day.",
        "product_details": [
            "70D nylon, durable watertight construction",
            "Screen printed logo",
            "32in shoulder length strap with additional front slip pocket",
            "Room for 6-pack and more",
            "Product size: 8-5/8"
        ],
        "tags": [
            "cooler",
            "bottle cooler",
            "can cooler",
            "soft cooler",
            "travel cooler"
        ],
        "item_details": {
            "Color": "Royal",
            "Type": "sports-fan-coolers"
        }
    },
    {
        "url": "https://utagear.merchorders.com/Product.php?pCat=Bags&pSCat=&id=5518309&pid=6-33-UT02Y4C",
        "pid": "6-33-UT02Y4C",
        "product_name": "Excel Black Sport Utility Tote",
        "price": "$17.00",
        "product_description": "Whether you are headed to the gym or out sightseeing, this sport utility tote is your practical companion. 12.5-inch handles allow for easy carrying, and zip-top design keeps your personal gear secure.",
        "product_details": [
            "600d polyester canvas",
            "Screen printed logo",
            "Unique arched zippered front pocket; open back pocket; mesh water bottle pocket",
            "Two exterior pen loops; rear ID window",
            "Dimensions: 14 H x 18 W x 3.5 L"
        ],
        "tags": [
            "sport utility tote",
            "athletic tote",
            "sport tote",
            "gym tote",
            "tote bag"
        ],
        "item_details": {
            "Color": "Black",
            "Type": "sports-fan-totebags"
        }
    },
    {
        "url": "https://utagear.merchorders.com/Product.php?pCat=Bags&pSCat=&id=5518499&pid=6-33-UT04H9D",
        "pid": "6-33-UT04H9D",
        "product_name": "Contender White/Royal Canvas Tote",
        "price": "$13.00",
        "product_description": "Whether you are shopping, commuting, or sightseeing, this canvas tote bag is your practical companion. 23-inch over the shoulder straps allow for easy carrying, and open-top design offers quick access.",
        "product_details": [
            "600d PolyCanvas",
            "Decal logo",
            "Contrast bottom and handles",
            "Large open main compartment for all of your essentials, open front pocket for easy access to keys",
            "Dimensions: 11.188 H x 18.125 W x 3.75 L"
        ],
        "tags": [
            "tote",
            "canvas tote",
            "travel tote",
            "shoulder tote",
            "tote bag"
        ],
        "item_details": {
            "Color": "White/Royal",
            "Type": "sports-fan-totebags"
        }
    },
    {
        "url": "https://utagear.merchorders.com/Product.php?pCat=Bags&pSCat=&id=5518500&pid=6-33-UT08H8D",
        "pid": "6-33-UT08H8D",
        "product_name": "Orange Drawstring Backpack",
        "price": "$13.00",
        "product_description": "A staple for everyday use as a cinch pack or backpack. This versatile bag is easy to store, and ideal for carrying athletic clothes to the gym.",
        "product_details": [
            "210D Poylester",
            "Screen printed logo",
            "Value backpack with cinch closure",
            "Easy access storage compartment",
            "Dimensions: 18 H x 14 W"
        ],
        "tags": [
            "backpack",
            "cinch pack",
            "cinch sack",
            "drawstring backpack",
            "sackpack"
        ],
        "item_details": {
            "Color": "Orange",
            "Type": "sports-fan-drawstring-bags"
        }
    },
    {
        "url": "https://utagear.merchorders.com/Product.php?pCat=Bags&pSCat=&id=5518609&pid=6-33-UT04H8F",
        "pid": "6-33-UT04H8F",
        "product_name": "Royal Drawstring Backpack",
        "price": "$13.00",
        "product_description": "A staple for everyday use as a cinch pack or backpack. This versatile bag is easy to store, and ideal for carrying athletic clothes to the gym.",
        "product_details": [
            "210D Poylester",
            "Screen printed logo",
            "Adjustable soft nylon shoulder strap doubles as drawstring closure",
            "Easy access storage compartment",
            "Dimensions: 18 H x 15 W"
        ],
        "tags": [
            "backpack",
            "cinch pack",
            "cinch sack",
            "drawstring backpack",
            "sackpack"
        ],
        "item_details": {
            "Color": "Royal",
            "Type": "sports-fan-drawstring-bags"
        }
    },
    {
        "url": "https://utagear.merchorders.com/Product.php?pCat=Drinkware&pSCat=&id=12719846&pid=6-65-UT111A",
        "pid": "6-65-UT111A",
        "product_name": "Thor Copper Vacuum Insulated Black Bottle 22oz",
        "price": "$27.00",
        "product_description": "With stainless steel vacuum construction and copper insulation, this powder-coated double wall bottle keeps beverages hot for 12 hours or cold for 48 hours. The spill resistant, screw on lid helps to prevent messes while the durable hand loop makes it easy to take on the go. The Thor Copper Vacuum Insulated Bottle 22oz conveniently fits into most standard car cup holders.",
        "product_details": [
            "18/8 grade stainless steel",
            "Spill-resistant lid design",
            "Durable metal hand loop for easy carrying",
            "Condensation-free powder coating is scratch- and fade-resistant",
            "Laser engraved"
        ],
        "tags": [
            "tumbler",
            "insulated",
            "cup",
            "drinkware",
            "tumblr"
        ],
        "item_details": {
            "Color": "Black",
            "Type": "sports-fan-kitchen-products"
        }
    },
    {
        "url": "https://utagear.merchorders.com/Product.php?pCat=Drinkware&pSCat=&id=12719847&pid=6-65-UT111D",
        "pid": "6-65-UT111D",
        "product_name": "Zigoo Silicone Collapsible Black Bottle 18oz",
        "price": "$28.00",
        "product_description": "Save space and stay hydrated with the Zigoo Silicone Collapsible Bottle 18oz. This portable, lightweight, compact bottle collapses from a height of 9.2in to 5.45in and weighs just 198g for easy storage. The unique design features thoughtful details like a leak proof stainless steel lid, carabiner for easy carrying, and wide mouth for ice cubes.",
        "product_details": [
            "Made from BPA-free, food-grade silicone",
            "Collapses to just 5.45 in. to save 50% space",
            "Leak-proof design with matching carabiner",
            "Dishwasher-safe (bottle only)",
            "Laser engraved lid"
        ],
        "tags": [
            "tumbler",
            "insulated",
            "cup",
            "drinkware",
            "tumblr"
        ],
        "item_details": {
            "Color": "Black",
            "Type": "sports-fan-kitchen-products"
        }
    },
    {
        "url": "https://utagear.merchorders.com/Product.php?pCat=Drinkware&pSCat=&id=12719848&pid=6-65-UT1198",
        "pid": "6-65-UT1198",
        "product_name": "Thor Copper Vacuum Insulated Black Bottle 32oz",
        "price": "$31.00",
        "product_description": "With stainless steel vacuum construction and copper insulation, this powder-coated double wall bottle keeps beverages hot for 12 hours or cold for 48 hours. The spill resistant, screw on lid helps to prevent messes while the durable hand loop makes it easy to take on the go. The Thor Copper Vacuum Insulated Bottle 32oz conveniently fits into most standard car cup holders.",
        "product_details": [
            "18/8 grade stainless steel",
            "Spill-resistant lid design",
            "Durable metal hand loop for easy carrying",
            "Condensation-free powder coating is scratch- and fade-resistant",
            "Laser engraved"
        ],
        "tags": [
            "tumbler",
            "insulated",
            "cup",
            "drinkware",
            "tumblr"
        ],
        "item_details": {
            "Color": "Black",
            "Type": "sports-fan-kitchen-products"
        }
    },
    {
        "url": "https://utagear.merchorders.com/Product.php?pCat=Drinkware&pSCat=&id=12719849&pid=6-65-UT121A",
        "pid": "6-65-UT121A",
        "product_name": "Thor Copper Vacuum Insulated White Bottle 22oz",
        "price": "$27.00",
        "product_description": "With stainless steel vacuum construction and copper insulation, this powder-coated double wall bottle keeps beverages hot for 12 hours or cold for 48 hours. The spill resistant, screw on lid helps to prevent messes while the durable hand loop makes it easy to take on the go. The Thor Copper Vacuum Insulated Bottle 22oz conveniently fits into most standard car cup holders.",
        "product_details": [
            "18/8 grade stainless steel",
            "Spill-resistant lid design",
            "Durable metal hand loop for easy carrying",
            "Condensation-free powder coating is scratch- and fade-resistant",
            "Laser engraved"
        ],
        "tags": [
            "tumbler",
            "insulated",
            "cup",
            "drinkware",
            "tumblr"
        ],
        "item_details": {
            "Color": "White",
            "Type": "sports-fan-kitchen-products"
        }
    },
    {
        "url": "https://utagear.merchorders.com/Product.php?pCat=Drinkware&pSCat=&id=12719850&pid=6-65-UT121D",
        "pid": "6-65-UT121D",
        "product_name": "Zigoo Silicone Collapsible Grey Bottle 18oz",
        "price": "$28.00",
        "product_description": "Save space and stay hydrated with the Zigoo Silicone Collapsible Bottle 18oz. This portable, lightweight, compact bottle collapses from a height of 9.2in to 5.45in and weighs just 198g for easy storage. The unique design features thoughtful details like a leak proof stainless steel lid, carabiner for easy carrying, and wide mouth for ice cubes.",
        "product_details": [
            "Made from BPA-free, food-grade silicone",
            "Collapses to just 5.45 in. to save 50% space",
            "Leak-proof design with matching carabiner",
            "Dishwasher-safe (bottle only)",
            "Laser engraved lid"
        ],
        "tags": [
            "tumbler",
            "insulated",
            "cup",
            "drinkware",
            "tumblr"
        ],
        "item_details": {
            "Color": "Grey",
            "Type": "sports-fan-kitchen-products"
        }
    },
    {
        "url": "https://utagear.merchorders.com/Product.php?pCat=Drinkware&pSCat=&id=12719851&pid=6-65-UT1498",
        "pid": "6-65-UT1498",
        "product_name": "Thor Copper Vacuum Insulated White Bottle 32oz",
        "price": "$32.00",
        "product_description": "With stainless steel vacuum construction and copper insulation, this powder-coated double wall bottle keeps beverages hot for 12 hours or cold for 48 hours. The spill resistant, screw on lid helps to prevent messes while the durable hand loop makes it easy to take on the go. The Thor Copper Vacuum Insulated Bottle 32oz conveniently fits into most standard car cup holders.",
        "product_details": [
            "18/8 grade stainless steel",
            "Spill-resistant lid design",
            "Durable metal hand loop for easy carrying",
            "Condensation-free powder coating is scratch- and fade-resistant",
            "Laser engraved"
        ],
        "tags": [
            "tumbler",
            "insulated",
            "cup",
            "drinkware",
            "tumblr"
        ],
        "item_details": {
            "Color": "White",
            "Type": "sports-fan-kitchen-products"
        }
    },
    {
        "url": "https://utagear.merchorders.com/Product.php?pCat=Drinkware&pSCat=&id=12719852&pid=6-65-UT1A1A",
        "pid": "6-65-UT1A1A",
        "product_name": "Thor Copper Vacuum Insulated Grey Bottle 22oz",
        "price": "$27.00",
        "product_description": "With stainless steel vacuum construction and copper insulation, this powder-coated double wall bottle keeps beverages hot for 12 hours or cold for 48 hours. The spill resistant, screw on lid helps to prevent messes while the durable hand loop makes it easy to take on the go. The Thor Copper Vacuum Insulated Bottle 22oz conveniently fits into most standard car cup holders.",
        "product_details": [
            "18/8 grade stainless steel",
            "Spill-resistant lid design",
            "Durable metal hand loop for easy carrying",
            "Condensation-free powder coating is scratch- and fade-resistant",
            "Laser engraved"
        ],
        "tags": [
            "tumbler",
            "insulated",
            "cup",
            "drinkware",
            "tumblr"
        ],
        "item_details": {
            "Color": "Grey",
            "Type": "sports-fan-kitchen-products"
        }
    },
    {
        "url": "https://utagear.merchorders.com/Product.php?pCat=Drinkware&pSCat=&id=12719853&pid=6-65-UT1193",
        "pid": "6-65-UT1193",
        "product_name": "Rover Camp Vacuum Insulated Black Mug 14oz",
        "price": "$26.00",
        "product_description": "The Rover Copper Vacuum Insulated Camp Mug 14oz brings a cozy campfire ambience to any setting. It features durable, double wall stainless steel construction with copper vacuum insulation to keep your favorite beverages hot for 6 hours or cold for 24 hours, no matter what weather you encounter. Plus, the design of this mug prevents condensation from forming on its exterior.",
        "product_details": [
            "Rugged 18/8 grade stainless steel",
            "Copper vacuum insulation",
            "Condensation-free powder coating is scratch- and fade-resistant",
            "Laser engraved"
        ],
        "tags": [
            "mug",
            "insulated",
            "cup",
            "tumbler",
            "tumblr"
        ],
        "item_details": {
            "Color": "Black",
            "Type": "sports-fan-kitchen-products"
        }
    },
    {
        "url": "https://utagear.merchorders.com/Product.php?pCat=Drinkware&pSCat=&id=12719854&pid=6-65-UT1194",
        "pid": "6-65-UT1194",
        "product_name": "Valhalla Vacuum Insulated Camp Black Mug 14oz",
        "price": "$31.00",
        "product_description": "The Valhalla Copper Vacuum Insulated Camp Mug 14oz combines a classic camp mug design with a stylish and functional skid-proof synthetic cork base. Its durable double wall stainless steel vacuum construction with copper insulation, allows your beverage to stay cold for up to 24 hours and hot for up to 8 hours. The construction also prevents condensation on the outside of the piece. On-trend, durable powder coating. Its transparent push-on lid features a slide closure. 14oz. Cork color on lid",
        "product_details": [
            "18/8 Grade Stainless Steel Inner Wall",
            "Copper vacuum insulation",
            "Condensation-free powder coating is scratch- and fade-resistant",
            "Laser engraved"
        ],
        "tags": [
            "mug",
            "insulated",
            "cup",
            "tumbler",
            "tumblr"
        ],
        "item_details": {
            "Color": "Black",
            "Type": "sports-fan-kitchen-products"
        }
    },
    {
        "url": "https://utagear.merchorders.com/Product.php?pCat=Drinkware&pSCat=&id=12719855&pid=6-65-UT1293",
        "pid": "6-65-UT1293",
        "product_name": "Rover Camp Vacuum Insulated White Mug 14oz",
        "price": "$25.00",
        "product_description": "The Rover Copper Vacuum Insulated Camp Mug 14oz brings a cozy campfire ambience to any setting. It features durable, double wall stainless steel construction with copper vacuum insulation to keep your favorite beverages hot for 6 hours or cold for 24 hours, no matter what weather you encounter. Plus, the design of this mug design prevents condensation from forming on its exterior.",
        "product_details": [
            "Rugged 18/8 grade stainless steel",
            "Copper vacuum insulation",
            "Condensation-free powder coating is scratch- and fade-resistant",
            "Laser engraved"
        ],
        "tags": [
            "mug",
            "insulated",
            "cup",
            "tumbler",
            "tumblr"
        ],
        "item_details": {
            "Color": "White",
            "Type": "sports-fan-kitchen-products"
        }
    },
    {
        "url": "https://utagear.merchorders.com/Product.php?pCat=Drinkware&pSCat=&id=12719856&pid=6-65-UT1394",
        "pid": "6-65-UT1394",
        "product_name": "Valhalla Vacuum Insulated Camp White Mug 14oz",
        "price": "$31.00",
        "product_description": "The Valhalla Copper Vacuum Insulated Camp Mug 14oz combines a classic camp mug design with a stylish and functional skid-proof synthetic cork base. Its durable double wall stainless steel vacuum construction with copper insulation, allows your beverage to stay cold for up to 24 hours and hot for up to 8 hours. The construction also prevents condensation on the outside of the piece. On-trend, durable powder coating. Its transparent push-on lid features a slide closure. 14oz. Cork color on lid",
        "product_details": [
            "18/8 Grade Stainless Steel Inner Wall",
            "Copper vacuum insulation",
            "Condensation-free powder coating is scratch- and fade-resistant",
            "Laser engraved"
        ],
        "tags": [
            "mug",
            "insulated",
            "cup",
            "tumbler",
            "tumblr"
        ],
        "item_details": {
            "Color": "White",
            "Type": "sports-fan-kitchen-products"
        }
    },
    {
        "url": "https://utagear.merchorders.com/Product.php?pCat=Drinkware&pSCat=&id=12719859&pid=6-65-UT1196",
        "pid": "6-65-UT1196",
        "product_name": "Sherpa Vacuum Black Tumbler & Insulator 12oz",
        "price": "$23.00",
        "product_description": "Double wall construction vacuum insulated. Translucent press-on lid. It can conveniently keep drinks hot for 5 hours and cold for 15 hours. Works as a tumbler or drink insulator for slim cans. Hand wash only. Follow any included care guidelines.",
        "product_details": [
            "18/8 Grade Stainless Steel inner wall with Stainless Steel Outer",
            "Clear lid included",
            "Smooth, coated finish",
            "Laser engraved"
        ],
        "tags": [
            "tumbler",
            "insulated",
            "cup",
            "drinkware",
            "tumblr"
        ],
        "item_details": {
            "Color": "Black",
            "Type": "sports-fan-kitchen-products"
        }
    },
    {
        "url": "https://utagear.merchorders.com/Product.php?pCat=Drinkware&pSCat=&id=12719860&pid=6-65-UT1295",
        "pid": "6-65-UT1295",
        "product_name": "Thor Vacuum Insulated White Tumbler 22oz",
        "price": "$30.00",
        "product_description": "Ideally sized for daily use, the Thor Copper Vacuum Insulated Tumbler 22oz chills cold beverages for 24 hours and keeps coffee, tea, or cocoa hot for 6 hours. Its durable, double wall stainless steel vacuum construction features copper insulation and has a condensation-resistant exterior. For added convenience, this tumbler includes an Eastman Tritan reusable straw and fits most standard car cup holders.",
        "product_details": [
            "18/8 grade stainless steel",
            "Push-on lid with slide closure",
            "Tritan reusable straw included",
            "Condensation-free powder coating is scratch- and fade-resistant",
            "Laser engraved"
        ],
        "tags": [
            "tumbler",
            "insulated",
            "cup",
            "drinkware",
            "tumblr"
        ],
        "item_details": {
            "Color": "White",
            "Type": "sports-fan-kitchen-products"
        }
    },
    {
        "url": "https://utagear.merchorders.com/Product.php?pCat=Drinkware&pSCat=&id=12719861&pid=6-65-UT1296",
        "pid": "6-65-UT1296",
        "product_name": "Sherpa Vacuum White Tumbler & Insulator 12oz",
        "price": "$23.00",
        "product_description": "Double wall construction vacuum insulated. Translucent press-on lid. It can conveniently keep drinks hot for 5 hours and cold for 15 hours. Works as a tumbler or drink insulator for slim cans. Hand wash only. Follow any included care guidelines.",
        "product_details": [
            "18/8 Grade Stainless Steel inner wall with Stainless Steel Outer",
            "Clear lid included",
            "Smooth, coated finish",
            "Laser engraved"
        ],
        "tags": [
            "tumbler",
            "insulated",
            "cup",
            "drinkware",
            "tumblr"
        ],
        "item_details": {
            "Color": "White",
            "Type": "sports-fan-kitchen-products"
        }
    },
    {
        "url": "https://utagear.merchorders.com/Product.php?pCat=Drinkware&pSCat=&id=12719862&pid=6-65-UT1297",
        "pid": "6-65-UT1297",
        "product_name": "Valhalla Vacuum Insulated Black Tumbler 16oz",
        "price": "$33.00",
        "product_description": "The Valhalla Copper Vacuum Insulated Tumbler 16oz is built from durable, double wall 18/8 grade stainless steel. It keeps hot beverages warm for 8 hours and cold beverages chilled for 24 hours. Form meets function in this condensation resistant 16oz tumbler, which features an attractive skid proof synthetic cork bottom designed to help prevent spills.",
        "product_details": [
            "Sturdy 18/18 grade stainless steal, double-wall construction",
            "Copper vacuum insulation",
            "Skid-proof synthetic cork base",
            "Condensation-proof design",
            "Laser engraved"
        ],
        "tags": [
            "tumbler",
            "insulated",
            "cup",
            "drinkware",
            "tumblr"
        ],
        "item_details": {
            "Color": "Black",
            "Type": "sports-fan-kitchen-products"
        }
    },
    {
        "url": "https://utagear.merchorders.com/Product.php?pCat=Drinkware&pSCat=&id=12719863&pid=6-65-UT1395",
        "pid": "6-65-UT1395",
        "product_name": "Thor Vacuum Insulated Grey Tumbler 22oz",
        "price": "$30.00",
        "product_description": "Ideally sized for daily use, the Thor Copper Vacuum Insulated Tumbler 22oz chills cold beverages for 24 hours and keeps coffee, tea, or cocoa hot for 6 hours. Its durable, double wall stainless steel vacuum construction features copper insulation and has a condensation-resistant exterior. For added convenience, this tumbler includes an Eastman Tritan reusable straw and fits most standard car cup holders.",
        "product_details": [
            "18/8 grade stainless steel",
            "Push-on lid with slide closure",
            "Tritan reusable straw included",
            "Condensation-free powder coating is scratch- and fade-resistant",
            "Laser engraved"
        ],
        "tags": [
            "tumbler",
            "insulated",
            "cup",
            "drinkware",
            "tumblr"
        ],
        "item_details": {
            "Color": "Grey",
            "Type": "sports-fan-kitchen-products"
        }
    },
    {
        "url": "https://utagear.merchorders.com/Product.php?pCat=Drinkware&pSCat=&id=12719864&pid=6-65-UT1596",
        "pid": "6-65-UT1596",
        "product_name": "Sherpa Vacuum Blue Tumbler & Insulator 12oz",
        "price": "$23.00",
        "product_description": "Double wall construction vacuum insulated. Translucent press-on lid. It can conveniently keep drinks hot for 5 hours and cold for 15 hours. Works as a tumbler or drink insulator for slim cans. Hand wash only. Follow any included care guidelines.",
        "product_details": [
            "18/8 Grade Stainless Steel inner wall with Stainless Steel Outer",
            "Clear lid included",
            "Smooth, coated finish",
            "Laser engraved"
        ],
        "tags": [
            "tumbler",
            "insulated",
            "cup",
            "drinkware",
            "tumblr"
        ],
        "item_details": {
            "Color": "Blue",
            "Type": "sports-fan-kitchen-products"
        }
    },
    {
        "url": "https://utagear.merchorders.com/Product.php?pCat=Drinkware&pSCat=&id=12719865&pid=6-65-UT3297",
        "pid": "6-65-UT3297",
        "product_name": "Valhalla Vacuum Insulated White Tumbler 16oz",
        "price": "$33.00",
        "product_description": "The Valhalla Copper Vacuum Insulated Tumbler 16oz is built from durable, double wall 18/8 grade stainless steel. It keeps hot beverages warm for 8 hours and cold beverages chilled for 24 hours. Form meets function in this condensation resistant 16oz tumbler, which features an attractive skid proof synthetic cork bottom designed to help prevent spills.",
        "product_details": [
            "Sturdy 18/18 grade stainless steal, double-wall construction",
            "Copper vacuum insulation",
            "Skid-proof synthetic cork base",
            "Condensation-proof design",
            "Laser engraved"
        ],
        "tags": [
            "tumbler",
            "insulated",
            "cup",
            "drinkware",
            "tumblr"
        ],
        "item_details": {
            "Color": "White",
            "Type": "sports-fan-kitchen-products"
        }
    },
    {
        "url": "https://utagear.merchorders.com/Product.php?pCat=Drinkware&pSCat=&id=13834979&pid=6-65-UT111AA",
        "pid": "6-65-UT111AA",
        "product_name": "Thor Copper Vacuum Insulated Black Bottle 22oz",
        "price": "$27.00",
        "product_description": "With stainless steel vacuum construction and copper insulation, this powder-coated double wall bottle keeps beverages hot for 12 hours or cold for 48 hours. The spill resistant, screw on lid helps to prevent messes while the durable hand loop makes it easy to take on the go. The Thor Copper Vacuum Insulated Bottle 22oz conveniently fits into most standard car cup holders.",
        "product_details": [
            "18/8 grade stainless steel",
            "Spill-resistant lid design",
            "Durable metal hand loop for easy carrying",
            "Condensation-free powder coating is scratch- and fade-resistant",
            "Laser engraved"
        ],
        "tags": [
            "tumbler",
            "insulated",
            "cup",
            "drinkware",
            "tumblr"
        ],
        "item_details": {
            "Color": "Black",
            "Type": "sports-fan-kitchen-products"
        }
    },
    {
        "url": "https://utagear.merchorders.com/Product.php?pCat=Drinkware&pSCat=&id=13860318&pid=6-65-UT011D",
        "pid": "6-65-UT011D",
        "product_name": "Hippo White Mug & Straw Lid with Twist Closure 40 oz",
        "price": "$53.00",
        "product_description": "Ideal for keeping your beverages cold or hot when youre on the go or just lounging at home. The Hippo Mug is built to hold 40 ounces of your favorite cold and hot beverages, keeping them cold for up to 11 hours and hot for up to 7 hours. Each mug is strong and durable, from its handle to a convenient screw-on clear straw lid with a twist closure, giving you the option of drinking with or without the removable straw. Great for cold juices, iced teas, and hot coffee.",
        "product_details": [
            "Dimensions: 6 in. W 11 in. H, Base Diameter: 3 inches",
            "Engraved Logo",
            "Double-wall vacuum insulation",
            "Soft matte with a durable powder-coated finish",
            "Screw-on clear straw lid with seal and a twist closure; Reusable straw; Dishwasher safe"
        ],
        "tags": [
            "stainless steel mug",
            "travel mug",
            "insulated mug",
            "thermal tumbler",
            "insulated cup"
        ],
        "item_details": {
            "Color": "White",
            "Type": "sports-fan-kitchen-products"
        }
    },
    {
        "url": "https://utagear.merchorders.com/Product.php?pCat=Drinkware&pSCat=&id=13860320&pid=6-65-UT021D",
        "pid": "6-65-UT021D",
        "product_name": "Hippo Black Mug & Straw Lid with Twist Closure 40 oz",
        "price": "$53.00",
        "product_description": "Ideal for keeping your beverages cold or hot when youre on the go or just lounging at home. The Hippo Mug is built to hold 40 ounces of your favorite cold and hot beverages, keeping them cold for up to 11 hours and hot for up to 7 hours. Each mug is strong and durable, from its handle to a convenient screw-on clear straw lid with a twist closure, giving you the option of drinking with or without the removable straw. Great for cold juices, iced teas, and hot coffee.",
        "product_details": [
            "Dimensions: 6 in. W 11 in. H, Base Diameter: 3 inches",
            "Engraved Logo",
            "Double-wall vacuum insulation",
            "Soft matte with a durable powder-coated finish",
            "Screw-on clear straw lid with seal and a twist closure; Reusable straw; Dishwasher safe"
        ],
        "tags": [
            "stainless steel mug",
            "travel mug",
            "insulated mug",
            "thermal tumbler",
            "insulated cup"
        ],
        "item_details": {
            "Color": "Black",
            "Type": "sports-fan-kitchen-products"
        }
    },
    {
        "url": "https://utagear.merchorders.com/Product.php?pCat=Drinkware&pSCat=&id=13860322&pid=6-65-UT041D",
        "pid": "6-65-UT041D",
        "product_name": "Hippo Royal Mug & Straw Lid with Twist Closure 40 oz",
        "price": "$53.00",
        "product_description": "Ideal for keeping your beverages cold or hot when youre on the go or just lounging at home. The Hippo Mug is built to hold 40 ounces of your favorite cold and hot beverages, keeping them cold for up to 11 hours and hot for up to 7 hours. Each mug is strong and durable, from its handle to a convenient screw-on clear straw lid with a twist closure, giving you the option of drinking with or without the removable straw. Great for cold juices, iced teas, and hot coffee.",
        "product_details": [
            "Dimensions: 6 in. W 11 in. H, Base Diameter: 3 inches",
            "Engraved Logo",
            "Double-wall vacuum insulation",
            "Soft matte with a durable powder-coated finish",
            "Screw-on clear straw lid with seal and a twist closure; Reusable straw; Dishwasher safe"
        ],
        "tags": [
            "stainless steel mug",
            "travel mug",
            "insulated mug",
            "thermal tumbler",
            "insulated cup"
        ],
        "item_details": {
            "Color": "Royal",
            "Type": "sports-fan-kitchen-products"
        }
    },
    {
        "url": "https://utagear.merchorders.com/Product.php?pCat=Drinkware&pSCat=&id=13860323&pid=6-65-UT071D",
        "pid": "6-65-UT071D",
        "product_name": "Hippo Orange Mug & Straw Lid with Twist Closure 40 oz",
        "price": "$53.00",
        "product_description": "Ideal for keeping your beverages cold or hot when youre on the go or just lounging at home. The Hippo Mug is built to hold 40 ounces of your favorite cold and hot beverages, keeping them cold for up to 11 hours and hot for up to 7 hours. Each mug is strong and durable, from its handle to a convenient screw-on clear straw lid with a twist closure, giving you the option of drinking with or without the removable straw. Great for cold juices, iced teas, and hot coffee.",
        "product_details": [
            "Dimensions: 6 in. W 11 in. H, Base Diameter: 3 inches",
            "Engraved Logo",
            "Double-wall vacuum insulation",
            "Soft matte with a durable powder-coated finish",
            "Screw-on clear straw lid with seal and a twist closure; Reusable straw; Dishwasher safe"
        ],
        "tags": [
            "stainless steel mug",
            "travel mug",
            "insulated mug",
            "thermal tumbler",
            "insulated cup"
        ],
        "item_details": {
            "Color": "Orange",
            "Type": "sports-fan-kitchen-products"
        }
    },
    {
        "url": "https://utagear.merchorders.com/Product.php?pCat=Drinkware&pSCat=&id=13860324&pid=6-65-UT1195A",
        "pid": "6-65-UT1195A",
        "product_name": "Thor Vacuum Insulated Black Tumbler 22oz",
        "price": "$30.00",
        "product_description": "Ideally sized for daily use, the Thor Copper Vacuum Insulated Tumbler 22oz chills cold beverages for 24 hours and keeps coffee, tea, or cocoa hot for 6 hours. Its durable, double wall stainless steel vacuum construction features copper insulation and has a condensation-resistant exterior. For added convenience, this tumbler includes an Eastman Tritan reusable straw and fits most standard car cup holders.",
        "product_details": [
            "18/8 grade stainless steel",
            "Push-on lid with slide closure",
            "Tritan reusable straw included",
            "Condensation-free powder coating is scratch- and fade-resistant",
            "Laser engraved"
        ],
        "tags": [
            "tumbler",
            "insulated",
            "cup",
            "drinkware",
            "tumblr"
        ],
        "item_details": {
            "Color": "Black",
            "Type": "sports-fan-kitchen-products"
        }
    },
    {
        "url": "https://utagear.merchorders.com/Product.php?pCat=Drinkware&pSCat=&id=13860325&pid=6-65-UT1195B",
        "pid": "6-65-UT1195B",
        "product_name": "Thor Vacuum Insulated Black Tumbler 22oz",
        "price": "$30.00",
        "product_description": "Ideally sized for daily use, the Thor Copper Vacuum Insulated Tumbler 22oz chills cold beverages for 24 hours and keeps coffee, tea, or cocoa hot for 6 hours. Its durable, double wall stainless steel vacuum construction features copper insulation and has a condensation-resistant exterior. For added convenience, this tumbler includes an Eastman Tritan reusable straw and fits most standard car cup holders.",
        "product_details": [
            "18/8 grade stainless steel",
            "Push-on lid with slide closure",
            "Tritan reusable straw included",
            "Condensation-free powder coating is scratch- and fade-resistant",
            "Laser engraved"
        ],
        "tags": [
            "tumbler",
            "insulated",
            "cup",
            "drinkware",
            "tumblr"
        ],
        "item_details": {
            "Color": "Black",
            "Type": "sports-fan-kitchen-products"
        }
    },
    {
        "url": "https://utagear.merchorders.com/Product.php?pCat=Drinkware&pSCat=&id=13860326&pid=6-65-UT1195C",
        "pid": "6-65-UT1195C",
        "product_name": "Thor Vacuum Insulated Black Tumbler 22oz",
        "price": "$30.00",
        "product_description": "Ideally sized for daily use, the Thor Copper Vacuum Insulated Tumbler 22oz chills cold beverages for 24 hours and keeps coffee, tea, or cocoa hot for 6 hours. Its durable, double wall stainless steel vacuum construction features copper insulation and has a condensation-resistant exterior. For added convenience, this tumbler includes an Eastman Tritan reusable straw and fits most standard car cup holders.",
        "product_details": [
            "18/8 grade stainless steel",
            "Push-on lid with slide closure",
            "Tritan reusable straw included",
            "Condensation-free powder coating is scratch- and fade-resistant",
            "Laser engraved"
        ],
        "tags": [
            "tumbler",
            "insulated",
            "cup",
            "drinkware",
            "tumblr"
        ],
        "item_details": {
            "Color": "Black",
            "Type": "sports-fan-kitchen-products"
        }
    },
    {
        "url": "https://utagear.merchorders.com/Product.php?pCat=Drinkware&pSCat=&id=13860327&pid=6-65-UT1195D",
        "pid": "6-65-UT1195D",
        "product_name": "Thor Vacuum Insulated Black Tumbler 22oz",
        "price": "$30.00",
        "product_description": "Ideally sized for daily use, the Thor Copper Vacuum Insulated Tumbler 22oz chills cold beverages for 24 hours and keeps coffee, tea, or cocoa hot for 6 hours. Its durable, double wall stainless steel vacuum construction features copper insulation and has a condensation-resistant exterior. For added convenience, this tumbler includes an Eastman Tritan reusable straw and fits most standard car cup holders.",
        "product_details": [
            "18/8 grade stainless steel",
            "Push-on lid with slide closure",
            "Tritan reusable straw included",
            "Condensation-free powder coating is scratch- and fade-resistant",
            "Laser engraved"
        ],
        "tags": [
            "tumbler",
            "insulated",
            "cup",
            "drinkware",
            "tumblr"
        ],
        "item_details": {
            "Color": "Black",
            "Type": "sports-fan-kitchen-products"
        }
    },
    {
        "url": "https://utagear.merchorders.com/Product.php?pCat=Drinkware&pSCat=&id=13860328&pid=6-65-UT1195E",
        "pid": "6-65-UT1195E",
        "product_name": "Thor Vacuum Insulated Black Tumbler 22oz",
        "price": "$30.00",
        "product_description": "Ideally sized for daily use, the Thor Copper Vacuum Insulated Tumbler 22oz chills cold beverages for 24 hours and keeps coffee, tea, or cocoa hot for 6 hours. Its durable, double wall stainless steel vacuum construction features copper insulation and has a condensation-resistant exterior. For added convenience, this tumbler includes an Eastman Tritan reusable straw and fits most standard car cup holders.",
        "product_details": [
            "18/8 grade stainless steel",
            "Push-on lid with slide closure",
            "Tritan reusable straw included",
            "Condensation-free powder coating is scratch- and fade-resistant",
            "Laser engraved"
        ],
        "tags": [
            "tumbler",
            "insulated",
            "cup",
            "drinkware",
            "tumblr"
        ],
        "item_details": {
            "Color": "Black",
            "Type": "sports-fan-kitchen-products"
        }
    },
    {
        "url": "https://utagear.merchorders.com/Product.php?pCat=Drinkware&pSCat=&id=13860329&pid=6-65-UT1195F",
        "pid": "6-65-UT1195F",
        "product_name": "Thor Vacuum Insulated Black Tumbler 22oz",
        "price": "$30.00",
        "product_description": "Ideally sized for daily use, the Thor Copper Vacuum Insulated Tumbler 22oz chills cold beverages for 24 hours and keeps coffee, tea, or cocoa hot for 6 hours. Its durable, double wall stainless steel vacuum construction features copper insulation and has a condensation-resistant exterior. For added convenience, this tumbler includes an Eastman Tritan reusable straw and fits most standard car cup holders.",
        "product_details": [
            "18/8 grade stainless steel",
            "Push-on lid with slide closure",
            "Tritan reusable straw included",
            "Condensation-free powder coating is scratch- and fade-resistant",
            "Laser engraved"
        ],
        "tags": [
            "tumbler",
            "insulated",
            "cup",
            "drinkware",
            "tumblr"
        ],
        "item_details": {
            "Color": "Black",
            "Type": "sports-fan-kitchen-products"
        }
    },
    {
        "url": "https://utagear.merchorders.com/Product.php?pCat=Drinkware&pSCat=&id=13860330&pid=6-65-UT1195G",
        "pid": "6-65-UT1195G",
        "product_name": "Thor Vacuum Insulated Black Tumbler 22oz",
        "price": "$30.00",
        "product_description": "Ideally sized for daily use, the Thor Copper Vacuum Insulated Tumbler 22oz chills cold beverages for 24 hours and keeps coffee, tea, or cocoa hot for 6 hours. Its durable, double wall stainless steel vacuum construction features copper insulation and has a condensation-resistant exterior. For added convenience, this tumbler includes an Eastman Tritan reusable straw and fits most standard car cup holders.",
        "product_details": [
            "18/8 grade stainless steel",
            "Push-on lid with slide closure",
            "Tritan reusable straw included",
            "Condensation-free powder coating is scratch- and fade-resistant",
            "Laser engraved"
        ],
        "tags": [
            "tumbler",
            "insulated",
            "cup",
            "drinkware",
            "tumblr"
        ],
        "item_details": {
            "Color": "Black",
            "Type": "sports-fan-kitchen-products"
        }
    },
    {
        "url": "https://utagear.merchorders.com/Product.php?pCat=Drinkware&pSCat=&id=13860331&pid=6-65-UT1195H",
        "pid": "6-65-UT1195H",
        "product_name": "Thor Vacuum Insulated Black Tumbler 22oz",
        "price": "$30.00",
        "product_description": "Ideally sized for daily use, the Thor Copper Vacuum Insulated Tumbler 22oz chills cold beverages for 24 hours and keeps coffee, tea, or cocoa hot for 6 hours. Its durable, double wall stainless steel vacuum construction features copper insulation and has a condensation-resistant exterior. For added convenience, this tumbler includes an Eastman Tritan reusable straw and fits most standard car cup holders.",
        "product_details": [
            "18/8 grade stainless steel",
            "Push-on lid with slide closure",
            "Tritan reusable straw included",
            "Condensation-free powder coating is scratch- and fade-resistant",
            "Laser engraved"
        ],
        "tags": [
            "tumbler",
            "insulated",
            "cup",
            "drinkware",
            "tumblr"
        ],
        "item_details": {
            "Color": "Black",
            "Type": "sports-fan-kitchen-products"
        }
    },
    {
        "url": "https://utagear.merchorders.com/Product.php?pCat=Drinkware&pSCat=&id=13860332&pid=6-65-UT1295A",
        "pid": "6-65-UT1295A",
        "product_name": "Thor Vacuum Insulated White Tumbler 22oz",
        "price": "$30.00",
        "product_description": "Ideally sized for daily use, the Thor Copper Vacuum Insulated Tumbler 22oz chills cold beverages for 24 hours and keeps coffee, tea, or cocoa hot for 6 hours. Its durable, double wall stainless steel vacuum construction features copper insulation and has a condensation-resistant exterior. For added convenience, this tumbler includes an Eastman Tritan reusable straw and fits most standard car cup holders.",
        "product_details": [
            "18/8 grade stainless steel",
            "Push-on lid with slide closure",
            "Tritan reusable straw included",
            "Condensation-free powder coating is scratch- and fade-resistant",
            "Laser engraved"
        ],
        "tags": [
            "tumbler",
            "insulated",
            "cup",
            "drinkware",
            "tumblr"
        ],
        "item_details": {
            "Color": "White",
            "Type": "sports-fan-kitchen-products"
        }
    },
    {
        "url": "https://utagear.merchorders.com/Product.php?pCat=Drinkware&pSCat=&id=13860333&pid=6-65-UT1295B",
        "pid": "6-65-UT1295B",
        "product_name": "Thor Vacuum Insulated White Tumbler 22oz",
        "price": "$30.00",
        "product_description": "Ideally sized for daily use, the Thor Copper Vacuum Insulated Tumbler 22oz chills cold beverages for 24 hours and keeps coffee, tea, or cocoa hot for 6 hours. Its durable, double wall stainless steel vacuum construction features copper insulation and has a condensation-resistant exterior. For added convenience, this tumbler includes an Eastman Tritan reusable straw and fits most standard car cup holders.",
        "product_details": [
            "18/8 grade stainless steel",
            "Push-on lid with slide closure",
            "Tritan reusable straw included",
            "Condensation-free powder coating is scratch- and fade-resistant",
            "Laser engraved"
        ],
        "tags": [
            "tumbler",
            "insulated",
            "cup",
            "drinkware",
            "tumblr"
        ],
        "item_details": {
            "Color": "White",
            "Type": "sports-fan-kitchen-products"
        }
    },
    {
        "url": "https://utagear.merchorders.com/Product.php?pCat=Drinkware&pSCat=&id=13860334&pid=6-65-UT1295C",
        "pid": "6-65-UT1295C",
        "product_name": "Thor Vacuum Insulated White Tumbler 22oz",
        "price": "$30.00",
        "product_description": "Ideally sized for daily use, the Thor Copper Vacuum Insulated Tumbler 22oz chills cold beverages for 24 hours and keeps coffee, tea, or cocoa hot for 6 hours. Its durable, double wall stainless steel vacuum construction features copper insulation and has a condensation-resistant exterior. For added convenience, this tumbler includes an Eastman Tritan reusable straw and fits most standard car cup holders.",
        "product_details": [
            "18/8 grade stainless steel",
            "Push-on lid with slide closure",
            "Tritan reusable straw included",
            "Condensation-free powder coating is scratch- and fade-resistant",
            "Laser engraved"
        ],
        "tags": [
            "tumbler",
            "insulated",
            "cup",
            "drinkware",
            "tumblr"
        ],
        "item_details": {
            "Color": "White",
            "Type": "sports-fan-kitchen-products"
        }
    },
    {
        "url": "https://utagear.merchorders.com/Product.php?pCat=Drinkware&pSCat=&id=13860335&pid=6-65-UT1295D",
        "pid": "6-65-UT1295D",
        "product_name": "Thor Vacuum Insulated White Tumbler 22oz",
        "price": "$30.00",
        "product_description": "Ideally sized for daily use, the Thor Copper Vacuum Insulated Tumbler 22oz chills cold beverages for 24 hours and keeps coffee, tea, or cocoa hot for 6 hours. Its durable, double wall stainless steel vacuum construction features copper insulation and has a condensation-resistant exterior. For added convenience, this tumbler includes an Eastman Tritan reusable straw and fits most standard car cup holders.",
        "product_details": [
            "18/8 grade stainless steel",
            "Push-on lid with slide closure",
            "Tritan reusable straw included",
            "Condensation-free powder coating is scratch- and fade-resistant",
            "Laser engraved"
        ],
        "tags": [
            "tumbler",
            "insulated",
            "cup",
            "drinkware",
            "tumblr"
        ],
        "item_details": {
            "Color": "White",
            "Type": "sports-fan-kitchen-products"
        }
    },
    {
        "url": "https://utagear.merchorders.com/Product.php?pCat=Drinkware&pSCat=&id=13860336&pid=6-65-UT1295E",
        "pid": "6-65-UT1295E",
        "product_name": "Thor Vacuum Insulated White Tumbler 22oz",
        "price": "$30.00",
        "product_description": "Ideally sized for daily use, the Thor Copper Vacuum Insulated Tumbler 22oz chills cold beverages for 24 hours and keeps coffee, tea, or cocoa hot for 6 hours. Its durable, double wall stainless steel vacuum construction features copper insulation and has a condensation-resistant exterior. For added convenience, this tumbler includes an Eastman Tritan reusable straw and fits most standard car cup holders.",
        "product_details": [
            "18/8 grade stainless steel",
            "Push-on lid with slide closure",
            "Tritan reusable straw included",
            "Condensation-free powder coating is scratch- and fade-resistant",
            "Laser engraved"
        ],
        "tags": [
            "tumbler",
            "insulated",
            "cup",
            "drinkware",
            "tumblr"
        ],
        "item_details": {
            "Color": "White",
            "Type": "sports-fan-kitchen-products"
        }
    },
    {
        "url": "https://utagear.merchorders.com/Product.php?pCat=Drinkware&pSCat=&id=13860337&pid=6-65-UT1295F",
        "pid": "6-65-UT1295F",
        "product_name": "Thor Vacuum Insulated White Tumbler 22oz",
        "price": "$30.00",
        "product_description": "Ideally sized for daily use, the Thor Copper Vacuum Insulated Tumbler 22oz chills cold beverages for 24 hours and keeps coffee, tea, or cocoa hot for 6 hours. Its durable, double wall stainless steel vacuum construction features copper insulation and has a condensation-resistant exterior. For added convenience, this tumbler includes an Eastman Tritan reusable straw and fits most standard car cup holders.",
        "product_details": [
            "18/8 grade stainless steel",
            "Push-on lid with slide closure",
            "Tritan reusable straw included",
            "Condensation-free powder coating is scratch- and fade-resistant",
            "Laser engraved"
        ],
        "tags": [
            "tumbler",
            "insulated",
            "cup",
            "drinkware",
            "tumblr"
        ],
        "item_details": {
            "Color": "White",
            "Type": "sports-fan-kitchen-products"
        }
    },
    {
        "url": "https://utagear.merchorders.com/Product.php?pCat=Drinkware&pSCat=&id=13860338&pid=6-65-UT1295G",
        "pid": "6-65-UT1295G",
        "product_name": "Thor Vacuum Insulated White Tumbler 22oz",
        "price": "$30.00",
        "product_description": "Ideally sized for daily use, the Thor Copper Vacuum Insulated Tumbler 22oz chills cold beverages for 24 hours and keeps coffee, tea, or cocoa hot for 6 hours. Its durable, double wall stainless steel vacuum construction features copper insulation and has a condensation-resistant exterior. For added convenience, this tumbler includes an Eastman Tritan reusable straw and fits most standard car cup holders.",
        "product_details": [
            "18/8 grade stainless steel",
            "Push-on lid with slide closure",
            "Tritan reusable straw included",
            "Condensation-free powder coating is scratch- and fade-resistant",
            "Laser engraved"
        ],
        "tags": [
            "tumbler",
            "insulated",
            "cup",
            "drinkware",
            "tumblr"
        ],
        "item_details": {
            "Color": "White",
            "Type": "sports-fan-kitchen-products"
        }
    },
    {
        "url": "https://utagear.merchorders.com/Product.php?pCat=Drinkware&pSCat=&id=13860339&pid=6-65-UT1295H",
        "pid": "6-65-UT1295H",
        "product_name": "Thor Vacuum Insulated White Tumbler 22oz",
        "price": "$30.00",
        "product_description": "Ideally sized for daily use, the Thor Copper Vacuum Insulated Tumbler 22oz chills cold beverages for 24 hours and keeps coffee, tea, or cocoa hot for 6 hours. Its durable, double wall stainless steel vacuum construction features copper insulation and has a condensation-resistant exterior. For added convenience, this tumbler includes an Eastman Tritan reusable straw and fits most standard car cup holders.",
        "product_details": [
            "18/8 grade stainless steel",
            "Push-on lid with slide closure",
            "Tritan reusable straw included",
            "Condensation-free powder coating is scratch- and fade-resistant",
            "Laser engraved"
        ],
        "tags": [
            "tumbler",
            "insulated",
            "cup",
            "drinkware",
            "tumblr"
        ],
        "item_details": {
            "Color": "White",
            "Type": "sports-fan-kitchen-products"
        }
    },
    {
        "url": "https://utagear.merchorders.com/Product.php?pCat=Drinkware&pSCat=&id=14023550&pid=6-65-UT011E",
        "pid": "6-65-UT011E",
        "product_name": "Blair White Stainless Steel Bottle w/ Bamboo Lid 17 oz",
        "price": "$24.00",
        "product_description": "This eco-friendly, reusable double walled stainless steel tumbler is designed to keep cold drinks colder longer, and hot drinks hotter longer. Features inner and outer stainless steel and durable, double-wall construction for insulation of hot or cold liquids, and a bamboo screw on, spill-resistant lid. Hand wash recommended",
        "product_details": [
            "Double-wall stainless steel construction with vacuum insulation; Smooth rubberized finish",
            "Engraved logo",
            "Wide mouth opening; screw on",
            "Screw on, spill-resistant lid",
            "BPA free; Hand wash recommended"
        ],
        "tags": [
            "tumbler",
            "double walled tumbler",
            "insulated tumbler",
            "thermal tumbler",
            "insulated cup"
        ],
        "item_details": {
            "Color": "White",
            "Type": "sports-fan-kitchen-products"
        }
    },
    {
        "url": "https://utagear.merchorders.com/Product.php?pCat=Drinkware&pSCat=&id=14023551&pid=6-65-UT1198A",
        "pid": "6-65-UT1198A",
        "product_name": "Thor Copper Vacuum Insulated Black Bottle 32oz",
        "price": "$31.00",
        "product_description": "With stainless steel vacuum construction and copper insulation, this powder-coated double wall bottle keeps beverages hot for 12 hours or cold for 48 hours. The spill resistant, screw on lid helps to prevent messes while the durable hand loop makes it easy to take on the go. The Thor Copper Vacuum Insulated Bottle 32oz conveniently fits into most standard car cup holders.",
        "product_details": [
            "18/8 grade stainless steel",
            "Spill-resistant lid design",
            "Durable metal hand loop for easy carrying",
            "Condensation-free powder coating is scratch- and fade-resistant",
            "Laser engraved"
        ],
        "tags": [
            "tumbler",
            "insulated",
            "cup",
            "drinkware",
            "tumblr"
        ],
        "item_details": {
            "Color": "Black",
            "Type": "sports-fan-kitchen-products"
        }
    },
    {
        "url": "https://utagear.merchorders.com/Product.php?pCat=Drinkware&pSCat=&id=14023552&pid=6-65-UT1394A",
        "pid": "6-65-UT1394A",
        "product_name": "Valhalla Vacuum Insulated Camp White Mug 14oz",
        "price": "$31.00",
        "product_description": "The Valhalla Copper Vacuum Insulated Camp Mug 14oz combines a classic camp mug design with a stylish and functional skid-proof synthetic cork base. Its durable double wall stainless steel vacuum construction with copper insulation, allows your beverage to stay cold for up to 24 hours and hot for up to 8 hours. The construction also prevents condensation on the outside of the piece. On-trend, durable powder coating. Its transparent push-on lid features a slide closure. 14oz. Cork color on lid",
        "product_details": [
            "18/8 Grade Stainless Steel Inner Wall",
            "Copper vacuum insulation",
            "Condensation-free powder coating is scratch- and fade-resistant",
            "Laser engraved"
        ],
        "tags": [
            "mug",
            "insulated",
            "cup",
            "tumbler",
            "tumblr"
        ],
        "item_details": {
            "Color": "White",
            "Type": "sports-fan-kitchen-products"
        }
    },
    {
        "url": "https://utagear.merchorders.com/Product.php?pCat=Drinkware&pSCat=&id=14025838&pid=6-64-UT0115Q",
        "pid": "6-64-UT0115Q",
        "product_name": "Full Color White Mug 15oz",
        "price": "$16.00",
        "product_description": "Full Color Ceramic Mug. Large C-handle. Perfect coffee or hot tea mug!",
        "product_details": [
            "Ceramic",
            "Dye sublimation full color graphics",
            "Full color",
            "Large C-handle",
            "Dimensions: 4.5 H x 3.4 W"
        ],
        "tags": [],
        "item_details": {
            "Color": "White"
        }
    },
    {
        "url": "https://utagear.merchorders.com/Product.php?pCat=Drinkware&pSCat=&id=14025839&pid=6-64-UT0115R",
        "pid": "6-64-UT0115R",
        "product_name": "Full Color White Mug 15oz",
        "price": "$16.00",
        "product_description": "Full Color Ceramic Mug. Large C-handle. Perfect coffee or hot tea mug!",
        "product_details": [
            "Ceramic",
            "Dye sublimation full color graphics",
            "Full color",
            "Large C-handle",
            "Dimensions: 4.5 H x 3.4 W"
        ],
        "tags": [],
        "item_details": {
            "Color": "White"
        }
    },
    {
        "url": "https://utagear.merchorders.com/Product.php?pCat=Drinkware&pSCat=&id=14025840&pid=6-64-UT0115S",
        "pid": "6-64-UT0115S",
        "product_name": "Full Color White Mug 15oz",
        "price": "$16.00",
        "product_description": "Full Color Ceramic Mug. Large C-handle. Perfect coffee or hot tea mug!",
        "product_details": [
            "Ceramic",
            "Dye sublimation full color graphics",
            "Full color",
            "Large C-handle",
            "Dimensions: 4.5 H x 3.4 W"
        ],
        "tags": [],
        "item_details": {
            "Color": "White"
        }
    },
    {
        "url": "https://utagear.merchorders.com/Product.php?pCat=Drinkware&pSCat=&id=14025841&pid=6-64-UT0115T",
        "pid": "6-64-UT0115T",
        "product_name": "Full Color White Mug 15oz",
        "price": "$16.00",
        "product_description": "Full Color Ceramic Mug. Large C-handle. Perfect coffee or hot tea mug!",
        "product_details": [
            "Ceramic",
            "Dye sublimation full color graphics",
            "Full color",
            "Large C-handle",
            "Dimensions: 4.5 H x 3.4 W"
        ],
        "tags": [],
        "item_details": {
            "Color": "White"
        }
    },
    {
        "url": "https://utagear.merchorders.com/Product.php?pCat=Drinkware&pSCat=&id=14025842&pid=6-65-UT111B",
        "pid": "6-65-UT111B",
        "product_name": "CamelBak Eddy Titan Renew Clear Bottle 25oz",
        "price": "$34.00",
        "product_description": "The CamelBak® eddy®+ water bottle is made from Eastman Tritan™ RENEW, a durable and sustainable material containing 50% recycled plastic. The bottle is shatter-, stain- and odor-resistant, and its wide mouth makes it easy to fill or clean. Enjoy spill-proof sipping at work or on the trail thanks to the screw-on lid with bite valve and one-finger carry handle. BPA-free.",
        "product_details": [
            "BPA-free Eastman Tritan™ Renew 50% Recycled Material",
            "Cylinder transfer",
            "Handle for easy carrying",
            "Bite valve straw",
            "Eco Friendly"
        ],
        "tags": [
            "tumbler",
            "insulated",
            "cup",
            "drinkware",
            "tumblr"
        ],
        "item_details": {
            "Color": "Clear",
            "Type": "sports-fan-kitchen-products"
        }
    },
    {
        "url": "https://utagear.merchorders.com/Product.php?pCat=Drinkware&pSCat=&id=14025843&pid=6-65-UT111BA",
        "pid": "6-65-UT111BA",
        "product_name": "CamelBak Eddy Titan Renew Clear Bottle 25oz",
        "price": "$34.00",
        "product_description": "The CamelBak® eddy®+ water bottle is made from Eastman Tritan™ RENEW, a durable and sustainable material containing 50% recycled plastic. The bottle is shatter-, stain- and odor-resistant, and its wide mouth makes it easy to fill or clean. Enjoy spill-proof sipping at work or on the trail thanks to the screw-on lid with bite valve and one-finger carry handle. BPA-free.",
        "product_details": [
            "BPA-free Eastman Tritan™ Renew 50% Recycled Material",
            "Cylinder transfer",
            "Handle for easy carrying",
            "Bite valve straw",
            "Eco Friendly"
        ],
        "tags": [
            "tumbler",
            "insulated",
            "cup",
            "drinkware",
            "tumblr"
        ],
        "item_details": {
            "Color": "Clear",
            "Type": "sports-fan-kitchen-products"
        }
    },
    {
        "url": "https://utagear.merchorders.com/Product.php?pCat=Drinkware&pSCat=&id=14025844&pid=6-65-UT111BB",
        "pid": "6-65-UT111BB",
        "product_name": "CamelBak Eddy Titan Renew Clear Bottle 25oz",
        "price": "$34.00",
        "product_description": "The CamelBak® eddy®+ water bottle is made from Eastman Tritan™ RENEW, a durable and sustainable material containing 50% recycled plastic. The bottle is shatter-, stain- and odor-resistant, and its wide mouth makes it easy to fill or clean. Enjoy spill-proof sipping at work or on the trail thanks to the screw-on lid with bite valve and one-finger carry handle. BPA-free.",
        "product_details": [
            "BPA-free Eastman Tritan™ Renew 50% Recycled Material",
            "Cylinder transfer",
            "Handle for easy carrying",
            "Bite valve straw",
            "Eco Friendly"
        ],
        "tags": [
            "tumbler",
            "insulated",
            "cup",
            "drinkware",
            "tumblr"
        ],
        "item_details": {
            "Color": "Clear",
            "Type": "sports-fan-kitchen-products"
        }
    },
    {
        "url": "https://utagear.merchorders.com/Product.php?pCat=Drinkware&pSCat=&id=14025845&pid=6-65-UT111BC",
        "pid": "6-65-UT111BC",
        "product_name": "CamelBak Eddy Titan Renew Clear Bottle 25oz",
        "price": "$34.00",
        "product_description": "The CamelBak® eddy®+ water bottle is made from Eastman Tritan™ RENEW, a durable and sustainable material containing 50% recycled plastic. The bottle is shatter-, stain- and odor-resistant, and its wide mouth makes it easy to fill or clean. Enjoy spill-proof sipping at work or on the trail thanks to the screw-on lid with bite valve and one-finger carry handle. BPA-free.",
        "product_details": [
            "BPA-free Eastman Tritan™ Renew 50% Recycled Material",
            "Cylinder transfer",
            "Handle for easy carrying",
            "Bite valve straw",
            "Eco Friendly"
        ],
        "tags": [
            "tumbler",
            "insulated",
            "cup",
            "drinkware",
            "tumblr"
        ],
        "item_details": {
            "Color": "Clear",
            "Type": "sports-fan-kitchen-products"
        }
    },
    {
        "url": "https://utagear.merchorders.com/Product.php?pCat=Drinkware&pSCat=&id=14060009&pid=6-64-UT0115U",
        "pid": "6-64-UT0115U",
        "product_name": "Full Color White Mug 15oz",
        "price": "$16.00",
        "product_description": "Full Color Ceramic Mug. Large C-handle. Perfect coffee or hot tea mug!",
        "product_details": [
            "Ceramic",
            "Dye sublimation full color graphics",
            "Full color",
            "Large C-handle",
            "Dimensions: 4.5 H x 3.4 W"
        ],
        "tags": [],
        "item_details": {
            "Color": "White"
        }
    },
    {
        "url": "https://utagear.merchorders.com/Product.php?pCat=Drinkware&pSCat=&id=5516080&pid=6-65-UT1C33",
        "pid": "6-65-UT1C33",
        "product_name": "Swig Stainless Steel Silver Bottle 16oz",
        "price": "$19.00",
        "product_description": "This sleek, stainless steel bottle, keeps your drinks cold up to 24 hours, and hot up to 12 hours. Perfect for commuters, it''s great for everyday use, and makes a great gift.",
        "product_details": [
            "Stainless Steel",
            "Laser engraved logo",
            "Screw on, spill resistant lid, wide mouth opening",
            "Double Wall Construction for insulation of hot/cold liquids",
            "BPA Free, Meets FDA Requirements, Hand Wash Recommended"
        ],
        "tags": [
            "bike bottle",
            "double walled bottle",
            "insulated bottle",
            "thermal bottle",
            "water bottle"
        ],
        "item_details": {
            "Color": "Silver",
            "Type": "sports-fan-kitchen-products"
        }
    },
    {
        "url": "https://utagear.merchorders.com/Product.php?pCat=Drinkware&pSCat=&id=5516082&pid=6-65-UT1D33",
        "pid": "6-65-UT1D33",
        "product_name": "Swig Stainless Steel Blue Bottle 16oz",
        "price": "$19.00",
        "product_description": "This sleek, stainless steel bottle, keeps your drinks cold up to 24 hours, and hot up to 12 hours. Perfect for commuters, it''s great for everyday use, and makes a great gift.",
        "product_details": [
            "Stainless Steel",
            "Laser engraved logo",
            "Screw on, spill resistant lid, wide mouth opening",
            "Double Wall Construction for insulation of hot/cold liquids",
            "BPA Free, Meets FDA Requirements, Hand Wash Recommended"
        ],
        "tags": [
            "bike bottle",
            "double walled bottle",
            "insulated bottle",
            "thermal bottle",
            "water bottle"
        ],
        "item_details": {
            "Color": "Blue",
            "Type": "sports-fan-kitchen-products"
        }
    },
    {
        "url": "https://utagear.merchorders.com/Product.php?pCat=Drinkware&pSCat=&id=5517530&pid=6-65-UT4011B",
        "pid": "6-65-UT4011B",
        "product_name": "Neoprene Royal Can Holder",
        "price": "$7.00",
        "product_description": "This insulated beverage cooler is designed to help keep cold drinks cold, and your hands dry. Great to use during outdoor activities on a sizzling hot day.",
        "product_details": [
            "Made with high quality neoprene, not foam",
            "Screen printed graphics",
            "Fits any standard size 12 oz can",
            "Dimensions: 4 in W x 5 in H",
            "Made in the USA"
        ],
        "tags": [
            "can holder",
            "can sleeve",
            "can cooler",
            "koozie",
            "beverage cooler"
        ],
        "item_details": {
            "Color": "Royal",
            "Type": "sports-fan-cold-beverage-koozies"
        }
    },
    {
        "url": "https://utagear.merchorders.com/Product.php?pCat=Drinkware&pSCat=&id=5517531&pid=6-64-UT0254B",
        "pid": "6-64-UT0254B",
        "product_name": "Full Color Decorative Frosted Glass Mug 16oz",
        "price": "$18.00",
        "product_description": "This frosted glass stein is finely crafted of high quality material for a high quality image. The simulated frosted surfaces are a popular look that gives the illusion that the stein was just removed from the freezer! Our frosted steins are perfect for gifts, recognition or your own personal use. The stein will have a \"matte\" finish rather than glossy finish due to the nature of the simulated frosting on the exterior and the interior of the stein.",
        "product_details": [
            "Size: 16oz",
            "Dye Sublimation",
            "D-handle with thumb rest",
            "Weigh: 1.75lb",
            "Overall size: 6 in. H x 3.1 in. W; not including handle"
        ],
        "tags": [
            "stein",
            "beer stein",
            "beer mug",
            "bar glasses",
            "barware"
        ],
        "item_details": {
            "Color": "White",
            "Type": "sports-fan-kitchen-products"
        }
    },
    {
        "url": "https://utagear.merchorders.com/Product.php?pCat=Drinkware&pSCat=&id=5518265&pid=6-64-UT1155C",
        "pid": "6-64-UT1155C",
        "product_name": "Full Color Glass 17oz",
        "price": "$16.00",
        "product_description": "This quality 17 oz glass is a classic essential. Sturdy and versatile - you can give this glass as a gift or use it for the drink of your choice.",
        "product_details": [
            "Glass",
            "Dye sublimation full color graphics",
            "Full Color",
            "Makes a great gift",
            "5.75"
        ],
        "tags": [
            "high rise glass",
            "pub glass",
            "beer glass",
            "mixing glass",
            "barware"
        ],
        "item_details": {
            "Color": "White",
            "Type": "sports-fan-kitchen-products"
        }
    },
    {
        "url": "https://utagear.merchorders.com/Product.php?pCat=Drinkware&pSCat=&id=5518515&pid=6-64-UT0115E",
        "pid": "6-64-UT0115E",
        "product_name": "Full Color White Mug 15oz",
        "price": "$16.00",
        "product_description": "Full Color Ceramic Mug. Large C-handle. Perfect coffee or hot tea mug!",
        "product_details": [
            "Ceramic",
            "Dye sublimation full color graphics",
            "Full color",
            "Large C-handle",
            "Dimensions: 4.5 H x 3.4 W"
        ],
        "tags": [],
        "item_details": {
            "Color": "White"
        }
    },
    {
        "url": "https://utagear.merchorders.com/Product.php?pCat=Drinkware&pSCat=&id=5518617&pid=6-64-UT0115F",
        "pid": "6-64-UT0115F",
        "product_name": "Full Color White Mug 15oz",
        "price": "$16.00",
        "product_description": "Full Color Ceramic Mug. Large C-handle. Perfect coffee or hot tea mug!",
        "product_details": [
            "Ceramic",
            "Dye sublimation full color graphics",
            "Full color",
            "Large C-handle",
            "Dimensions: 4.5 H x 3.4 W"
        ],
        "tags": [],
        "item_details": {
            "Color": "White"
        }
    },
    {
        "url": "https://utagear.merchorders.com/Product.php?pCat=Drinkware&pSCat=&id=5518622&pid=6-64-UT0115G",
        "pid": "6-64-UT0115G",
        "product_name": "Full Color White Mug 15oz",
        "price": "$16.00",
        "product_description": "Full Color Ceramic Mug. Large C-handle. Perfect coffee or hot tea mug!",
        "product_details": [
            "Ceramic",
            "Dye sublimation full color graphics",
            "Full color",
            "Large C-handle",
            "Dimensions: 4.5 H x 3.4 W"
        ],
        "tags": [],
        "item_details": {
            "Color": "White"
        }
    },
    {
        "url": "https://utagear.merchorders.com/Product.php?pCat=Signage+%26+Decals&pSCat=&id=5516147&pid=6-66-UT6489A",
        "pid": "6-66-UT6489A",
        "product_name": "Royal 6 foot Table Throw",
        "price": "$189.00",
        "product_description": "Present your company in the most professional way - this lightweight table throw is an impeccable finishing touch for meetings or events, and enhances eye-catching and inviting displays.",
        "product_details": [
            "Premium quality polyester twill",
            "Full color imprinted graphics",
            "Stain and wrinkle resistant, washable, flame retardant",
            "Easy to store and ship",
            "Covers 3 sides of a 6-foot standard folding table"
        ],
        "tags": [
            "table throw",
            "table skirt",
            "table cover",
            "table covering",
            "exhibit table throw"
        ],
        "item_details": {
            "Color": "Royal",
            "Type": "sports-fan-tables"
        }
    },
    {
        "url": "https://utagear.merchorders.com/Product.php?pCat=Signage+%26+Decals&pSCat=&id=5518543&pid=6-25-UT9810E",
        "pid": "6-25-UT9810E",
        "product_name": "Extra Large Decal",
        "price": "$26.00",
        "product_description": "Show off your logo with pride with this fun, eye-catching decal. Perfect for glass surfaces - stick it on your car window and get noticed!",
        "product_details": [
            "Gloss decal",
            "High quality digitally printed",
            "Ideal for cars, mirrors, doors, or windows",
            "Easy application on exterior of surface",
            "Approx 18 inches"
        ],
        "tags": [
            "decal",
            "sticker",
            "car decal",
            "window decal",
            "window sticker"
        ],
        "item_details": {
            "Color": "Clear",
            "Type": "sports-fan-automotive-decals"
        }
    },
    {
        "url": "https://utagear.merchorders.com/Product.php?pCat=Signage+%26+Decals&pSCat=&id=5518634&pid=6-25-UT9801G",
        "pid": "6-25-UT9801G",
        "product_name": "Medium Decal",
        "price": "$13.00",
        "product_description": "",
        "product_details": [],
        "tags": [],
        "item_details": {}
    },
    {
        "url": "https://utagear.merchorders.com/Product.php?pCat=Signage+%26+Decals&pSCat=&id=5518635&pid=6-25-UT9803G",
        "pid": "6-25-UT9803G",
        "product_name": "Large Decal",
        "price": "$19.00",
        "product_description": "Show off your logo with pride with this fun, eye-catching decal. Perfect for glass surfaces - stick it on your car window and get noticed!",
        "product_details": [
            "3.75 mil., Gloss decal",
            "High quality digitally printed",
            "Ideal for cars, mirrors, doors, or windows",
            "Easy application on exterior of surface",
            "Approx 12 inches"
        ],
        "tags": [
            "decal",
            "sticker",
            "car decal",
            "window decal",
            "window sticker"
        ],
        "item_details": {
            "Color": "Clear",
            "Type": "sports-fan-automotive-decals"
        }
    },
    {
        "url": "https://utagear.merchorders.com/Product.php?pCat=Signage+%26+Decals&pSCat=&id=5619752&pid=6-25-UT9806K",
        "pid": "6-25-UT9806K",
        "product_name": "Small Decal",
        "price": "$9.00",
        "product_description": "Show off your logo with pride with this fun, eye-catching decal. Perfect for glass surfaces - stick it on your car window and get noticed!",
        "product_details": [
            "3.75 mil., Gloss decal",
            "High quality digitally printed",
            "Ideal for cars, mirrors, doors, or windows",
            "Easy application on exterior of surface",
            "Approx 6 inches"
        ],
        "tags": [
            "decal",
            "sticker",
            "car decal",
            "window decal",
            "window sticker"
        ],
        "item_details": {
            "Color": "Clear",
            "Type": "sports-fan-automotive-decals"
        }
    },
    {
        "url": "https://utagear.merchorders.com/Product.php?pCat=Technology&pSCat=&id=13163915&pid=6-62-UT5043C",
        "pid": "6-62-UT5043C",
        "product_name": "USB Black Mini Pen Drive 8G",
        "price": "$14.00",
        "product_description": "This slender and sleek model has a modern appeal. Metal swivel design with no cap provides low-maintenance data protection. USB interface provides easy connection.",
        "product_details": [
            "Aluminum and plastic",
            "Laser engraved logo",
            "Data security by password protection (optional)",
            "Support of Windows XP / 2000 / ME without device driver; support of Linux Kernel 2.4.10 and higher without device driver; support of Mac OS 8.6 and higher without device driver; support of Windows 98 / SE with device driver",
            "Dimensions: 0.142 L x 0.625 W x 0.375 H"
        ],
        "tags": [
            "usb pen drive",
            "pen drive",
            "flash drive",
            "thumb drive",
            "data storage device"
        ],
        "item_details": {
            "Color": "Black",
            "Type": "sports-fan-office-products"
        }
    },
    {
        "url": "https://utagear.merchorders.com/Product.php?pCat=Technology&pSCat=&id=13932717&pid=6-62-UT0Z43B",
        "pid": "6-62-UT0Z43B",
        "product_name": "Aluminum Blue Power Bank",
        "price": "$21.00",
        "product_description": "Power small enough to carry in your pocket! Don't be tethered to your wall charger. This Energy Bar Power Bank charges your phone when you are out and about!",
        "product_details": [
            "Anodized aluminum case",
            "Laser engraved logo",
            "Battery Capacity: Lithium Battery 2200mAh",
            "Must use with your device's own charging cable to power up your phone.",
            "Dimensions: 3.75 L x .875 W x .875 H"
        ],
        "tags": [
            "power charge bank",
            "phone charger",
            "charger",
            "external battery",
            "usb power bank"
        ],
        "item_details": {
            "Color": "Blue",
            "Type": "sports-fan-office-products"
        }
    },
    {
        "url": "https://utagear.merchorders.com/Product.php?pCat=Technology&pSCat=&id=5516138&pid=6-66-UT0A9OA",
        "pid": "6-66-UT0A9OA",
        "product_name": "Ear Buds in White Case",
        "price": "$8.00",
        "product_description": "These handy little ear buds gets you on the go and ready for anything. Enclosed in a compact round case perfect for pocket, purse or travel bag.",
        "product_details": [
            "Plastic",
            "Inkjet logo",
            "Works With Most Audio Devices",
            "48 inch Ear Bud Cord",
            "2 inches in diameter"
        ],
        "tags": [
            "ear buds",
            "earbuds",
            "audio kit",
            "headphones",
            "portable kit"
        ],
        "item_details": {
            "Color": "White",
            "Type": "sports-fan-headphones"
        }
    }
]