[
    {
        "url": "https://utagear.merchorders.com/Product.php?pCat=Gifts&pSCat=&id=13856345&pid=6-33-UT14U5D",
        "pid": "6-33-UT14U5D",
        "product_name": "Royal Sweatshirt Blanket",
        "price": "$25.00",
        "product_description": "The warmth and comfort of your favorite sweatshirt in a blanket - wrap up in it while you're cheering on your favorite sports team, or just spending a quiet evening at home.",
        "product_details": [
            "Cotton/polyester sweatshirt material",
            "Screen printed logo",
            "Extra soft",
            "Makes a great gift",
            "Dimensions: 50 in H x 60 in W"
        ],
        "tags": [
            "blanket",
            "sweatshirt blanket",
            "sports fan blanket",
            "sports fan bedding",
            "bedding"
        ],
        "item_details": {
            "Color": "Royal",
            "Type": "sports-fan-throw-blankets"
        }
    },
    {
        "url": "https://utagear.merchorders.com/Product.php?pCat=Gifts&pSCat=&id=5505597&pid=6-62-UT0A7K",
        "pid": "6-62-UT0A7K",
        "product_name": "Canyon Barranca Tan Luggage Tag",
        "price": "$25.00",
        "product_description": "Made of quality buffalo hide, this distressed luggage tag features double stitched leather, a removable buckle strap, a slot for business or ID card and a name and address card. A must before you take off for your next destination!",
        "product_details": [
            "4.75W X 2.75H X 0.25D",
            "Distressed buffalo hide-Tan",
            "Double stitched leather",
            "Removable buckle strap",
            "Engraved logo"
        ],
        "tags": [
            "luggage tag",
            "id tag",
            "travel accessories",
            "executive gift",
            "business gift"
        ],
        "item_details": {
            "Brand": "Canyon",
            "Color": "Brown",
            "Type": "sports-fan-luggage-tags"
        }
    },
    {
        "url": "https://utagear.merchorders.com/Product.php?pCat=Gifts&pSCat=&id=5505868&pid=6-66-UT147DA",
        "pid": "6-66-UT147DA",
        "product_name": "Compact 26 Piece Deluxe Tool Kit",
        "price": "$25.00",
        "product_description": "Promote a do-it-yourself mini workshop with this handy tool set. This versatile kit will help you tackle lots of household projects.",
        "product_details": [
            "Plastic case with carbon steel tools",
            "Screen printed logo",
            "Includes 6 screwdrivers, extension rod, bit driver with plastic handle, 10-piece screwdriver bits in a bit holder,",
            "Needle-nose pliers and wire cutters, 4 wrench sockets and tweezers. and Tri-fold heavy duty case",
            "Dimenisions: 4.125 H x 6.062 W x 1.938 L"
        ],
        "tags": [
            "tools",
            "tool set",
            "tool kit",
            "household tools",
            "hand tools"
        ],
        "item_details": {
            "Color": "Grey",
            "Type": "sports-fan-hand-tools"
        }
    },
    {
        "url": "https://utagear.merchorders.com/Product.php?pCat=Gifts&pSCat=&id=5505908&pid=6-62-UTG615A",
        "pid": "6-62-UTG615A",
        "product_name": "Fabrizio Brown RFID Passport Holder",
        "price": "$16.00",
        "product_description": "Executive styling coupled with clean lines and functionality. This sophisticated passport holder is all business. It features a built in RFID shield to protect against cloning of your personal information.",
        "product_details": [
            "Vinyl exterior, brown felt lining",
            "Engraved logo",
            "2 card slots and a document slot",
            "Built in RFID shield that protects against the cloning of your personal and financial information",
            "Dimensions: 4 3/8 x 5 3/4"
        ],
        "tags": [
            "passport holder",
            "passport ID",
            "RFID holder",
            "travel holder",
            "travel ID"
        ],
        "item_details": {
            "Color": "Brown",
            "Type": "sports-fan-notepad-holders"
        }
    },
    {
        "url": "https://utagear.merchorders.com/Product.php?pCat=Gifts&pSCat=&id=5506109&pid=6-62-UT0E1GA",
        "pid": "6-62-UT0E1GA",
        "product_name": "Dual Tone Mirrored Oval Key Holder",
        "price": "$13.00",
        "product_description": "Identify your keys with polished presentation. This classy and elegant key holder features an oval mirror insert framed by a satin finish. This stainless steel silver piece will make an excellent gift for friends, family or a business associate.",
        "product_details": [
            "Stainless Steel",
            "Laser engraved logo",
            "Oval mirrored insert",
            "Silver split ring",
            "Dimensions: 3 x 1 1/4"
        ],
        "tags": [
            "key chain",
            "key ring",
            "key tag",
            "key holder",
            "business gift"
        ],
        "item_details": {
            "Color": "Silver",
            "Type": "sports-fan-keychains"
        }
    },
    {
        "url": "https://utagear.merchorders.com/Product.php?pCat=Gifts&pSCat=&id=5506955&pid=6-62-UT014FA",
        "pid": "6-62-UT014FA",
        "product_name": "Corbetta Key Holder",
        "price": "$11.00",
        "product_description": "This luminous key holder is an elegant gift for yourself or a friend. Will slip in and out of a pocket with ease - and set your keys apart if you carry them in a bag.",
        "product_details": [
            "Shiny chrome metal",
            "Laser engraved logo",
            "Elliptical shaped key chain with an oval hole",
            "Comes in a gift box",
            "1-1/2"
        ],
        "tags": [
            "key chain",
            "key ring",
            "key tag",
            "handbag accessory",
            "business gift"
        ],
        "item_details": {
            "Color": "Silver",
            "Type": "sports-fan-keychains"
        }
    },
    {
        "url": "https://utagear.merchorders.com/Product.php?pCat=Gifts&pSCat=&id=5506960&pid=6-62-UT024IA",
        "pid": "6-62-UT024IA",
        "product_name": "Neoskin Black Luggage Tag",
        "price": "$12.00",
        "product_description": "Easily identify your bag when you attach this matte metallic vinyl Neoskin® luggage tag. The buckle and strap closure will ensure that this tag is securely fastened. Simply insert a standard business card or fill out the information card included.",
        "product_details": [
            "Laser engraved logo",
            "Buckle and strap closure",
            "Matte metallic vinyl",
            "Holds a standard business card",
            "Dimensions: 4.750 in. x 2.750 in."
        ],
        "tags": [
            "luggage tag",
            "id tag",
            "travel accessories",
            "executive gift",
            "business gift"
        ],
        "item_details": {
            "Brand": "Spector",
            "Color": "Black",
            "Type": "sports-fan-luggage-tags"
        }
    },
    {
        "url": "https://utagear.merchorders.com/Product.php?pCat=Gifts&pSCat=&id=5516099&pid=6-66-UT114L",
        "pid": "6-66-UT114L",
        "product_name": "White Lip Moisturizer Ball",
        "price": "$7.00",
        "product_description": "Keeps your lips moist, soft and sensationally smooth with lip balm that delivers the perfect balance of vanilla flavor and moisture. Fun shape and easy to use. This balm adds volume to your kissable pout and the highly addictive vanilla flavor will keep your smile delicious.",
        "product_details": [
            "Vanilla Flavor",
            "Inkjet logo",
            "Unscrew lid to use",
            "Safety sealed, meets FDA requirements",
            "Size: 1 1/2 Diameter"
        ],
        "tags": [
            "lip balm",
            "natural lip balm",
            "lip conditioner",
            "lip protectant",
            "lip care"
        ],
        "item_details": {
            "Color": "White",
            "Type": "sports-fan-office-products"
        }
    },
    {
        "url": "https://utagear.merchorders.com/Product.php?pCat=Gifts&pSCat=&id=5516137&pid=6-66-UT0A92A",
        "pid": "6-66-UT0A92A",
        "product_name": "White Rectangular Peppermint Tin",
        "price": "$7.00",
        "product_description": "These refreshing mints are perfect for sharing at work or at home. After the treats are gone, the tin makes for endless uses and can be enjoyed for years to come.",
        "product_details": [
            "Tin",
            "Inkjet logo",
            "Fits easily in briefcase, purse or pocket",
            "Ideal for promotions or trade show giveaways",
            "Made in the USA"
        ],
        "tags": [
            "mints",
            "breath mints",
            "peppermints",
            "breath freshener",
            "mint tins"
        ],
        "item_details": {
            "Color": "White",
            "Type": "sports-fan-office-products"
        }
    },
    {
        "url": "https://utagear.merchorders.com/Product.php?pCat=Gifts&pSCat=&id=5516188&pid=6-66-UT014LA",
        "pid": "6-66-UT014LA",
        "product_name": "0.5 oz. Travel Hand Sanitizer",
        "price": "$7.00",
        "product_description": "When you are on the go, give yourself peace of mind with this convenient travel size bottle of Citrus Scent antibacterial hand sanitizer gel. Antibacterial gels help to minimize the spread of germs, and evaporate quickly on the skin.",
        "product_details": [
            "This product meets FDA standards of 62% alcohol",
            "Inkjet logo",
            "Fits easily in briefcase, purse or pocket",
            "1-1/16",
            "Made in the USA"
        ],
        "tags": [
            "hand sanitizer",
            "antibacterial hand gel",
            "hand cleanser",
            "hand gel",
            "hand care"
        ],
        "item_details": {
            "Color": "Clear/Multi",
            "Type": "sports-fan-office-products"
        }
    },
    {
        "url": "https://utagear.merchorders.com/Product.php?pCat=Gifts&pSCat=&id=5516194&pid=6-66-UT021RA",
        "pid": "6-66-UT021RA",
        "product_name": "Quilted Canvas Black Pot Holder",
        "price": "$8.00",
        "product_description": "These pot holders are the perfect accessory for your baking and cooking needs. Heat resistance allows you to remove dishes from the oven and hot pots from the stove.",
        "product_details": [
            "Quilted Canvas",
            "Screen printed logo",
            "Machine washable",
            "Convenient Loop For Hanging",
            "Dimensions: 6 3/4 W x 6 3/4 H"
        ],
        "tags": [
            "pot holder",
            "potholder",
            "canvas pot holder",
            "quilted pot holder",
            "oven mitt"
        ],
        "item_details": {
            "Color": "Black",
            "Type": "sports-fan-kitchen-products"
        }
    },
    {
        "url": "https://utagear.merchorders.com/Product.php?pCat=Gifts&pSCat=&id=5516195&pid=6-66-UT022RA",
        "pid": "6-66-UT022RA",
        "product_name": "Quilted Canvas Black Oven Mitt",
        "price": "$10.00",
        "product_description": "This oven mitt is the perfect accessory for your baking and cooking needs. Heat resistance allows you to remove dishes from the oven and hot pots from the stove.",
        "product_details": [
            "Quilted Canvas",
            "Screen printed logo",
            "Machine washable",
            "Convenient Loop For Hanging",
            "Dimensions: 6 W x 12 H"
        ],
        "tags": [
            "oven mitt",
            "potholder",
            "canvas oven mitt",
            "quilted oven mitt",
            "pot holder"
        ],
        "item_details": {
            "Color": "Black",
            "Type": "sports-fan-kitchen-products"
        }
    },
    {
        "url": "https://utagear.merchorders.com/Product.php?pCat=Gifts&pSCat=&id=5516197&pid=6-66-UT029IA",
        "pid": "6-66-UT029IA",
        "product_name": "Journeyman Locking 10 Ft. Silver Tape Measure",
        "price": "$11.00",
        "product_description": "This 10-foot-long metal blade tape measure is perfect for small projects around the house or office. It features a rubberized grip so it is comfortable and easy to hold on to.",
        "product_details": [
            "Plastic case with metal tape measure",
            "UV Inkjet logo in center of circle",
            "10-foot retractable tape measure. Standard and metric measurements. Rubber casing.",
            "Sturdy plastic wrist strap. Slide locking button locks tape in place. Metal belt-clip on back.",
            "Dimensions: 2.312 H x 2.375 W"
        ],
        "tags": [
            "tape measure",
            "measuring tape",
            "tape ruler",
            "tape rule",
            "measuring tool"
        ],
        "item_details": {
            "Color": "Black/Silver",
            "Type": "sports-fan-hand-tools"
        }
    },
    {
        "url": "https://utagear.merchorders.com/Product.php?pCat=Gifts&pSCat=&id=5517455&pid=6-33-UT14U5B",
        "pid": "6-33-UT14U5B",
        "product_name": "Royal Sweatshirt Blanket",
        "price": "$25.00",
        "product_description": "The warmth and comfort of your favorite sweatshirt in a blanket - wrap up in it while you're cheering on your favorite sports team, or just spending a quiet evening at home.",
        "product_details": [
            "Cotton/polyester sweatshirt material",
            "Screen printed logo",
            "Extra soft",
            "Makes a great gift",
            "Dimensions: 50 in H x 60 in W"
        ],
        "tags": [
            "blanket",
            "sweatshirt blanket",
            "sports fan blanket",
            "sports fan bedding",
            "bedding"
        ],
        "item_details": {
            "Color": "Royal",
            "Type": "sports-fan-throw-blankets"
        }
    },
    {
        "url": "https://utagear.merchorders.com/Product.php?pCat=Gifts&pSCat=&id=5517534&pid=6-66-UT008IB",
        "pid": "6-66-UT008IB",
        "product_name": "Measure Pad Leveler 6 Ft. Tape Measure",
        "price": "$9.00",
        "product_description": "This multi-function tool is perfect for small projects around the house or office. It features a level, a measuring tape, and a notepad for keeping track of measurements.",
        "product_details": [
            "Plastic",
            "Screen printed logo",
            "Includes note pad (12 sheets), level, pen, and sturdy pocket clip",
            "6-foot-long metal blade tape measure",
            "Dimensions: 3-1/8 W x 2-3/8 H"
        ],
        "tags": [
            "level",
            "tape measure",
            "measuring tape",
            "tape ruler",
            "measuring tool"
        ],
        "item_details": {
            "Color": "Black",
            "Type": "sports-fan-office-products"
        }
    },
    {
        "url": "https://utagear.merchorders.com/Product.php?pCat=Gifts&pSCat=&id=5517537&pid=6-66-UT0159B",
        "pid": "6-66-UT0159B",
        "product_name": "Luggage Tag",
        "price": "$7.00",
        "product_description": "Make an upscale statement while traveling with this attractive and functional luggage tag. The perfect gift for any occasion.",
        "product_details": [
            "Plastic",
            "Inkjet logo",
            "Features hidden slide in write-on identification plate",
            "Buckle strap",
            "Item dimensions: 4-1/4"
        ],
        "tags": [
            "luggage tag",
            "id tag",
            "luggage id",
            "travel accessories",
            "business gift"
        ],
        "item_details": {
            "Color": "White",
            "Type": "sports-fan-luggage-tags"
        }
    },
    {
        "url": "https://utagear.merchorders.com/Product.php?pCat=Gifts&pSCat=&id=5517542&pid=6-66-UT0792B",
        "pid": "6-66-UT0792B",
        "product_name": "Silver Rectangular Peppermint Tin",
        "price": "$7.00",
        "product_description": "These refreshing mints are perfect for sharing at work or at home. After the treats are gone, the tin makes for endless uses and can be enjoyed for years to come.",
        "product_details": [
            "Tin",
            "Inkjet logo",
            "Fits easily in briefcase, purse or pocket",
            "Ideal for promotions or trade show giveaways",
            "Made in the USA"
        ],
        "tags": [
            "mints",
            "breath mints",
            "peppermints",
            "breath freshener",
            "mint tins"
        ],
        "item_details": {
            "Color": "Silver",
            "Type": "sports-fan-office-products"
        }
    },
    {
        "url": "https://utagear.merchorders.com/Product.php?pCat=Gifts&pSCat=&id=5518507&pid=6-34-UT0498D",
        "pid": "6-34-UT0498D",
        "product_name": "Royal Arctic Fleece Blanket",
        "price": "$25.00",
        "product_description": "The warmth and comfort of arctic fleece in a blanket. Wrap up in it while you are cheering on your favorite sports team, or just spending a quiet evening at home.",
        "product_details": [
            "100% polyester fleece",
            "Embroidered logo",
            "Whip stitch edge",
            "Makes a great gift",
            "Dimensions: 50 x 60 inches"
        ],
        "tags": [
            "blanket",
            "fleece blanket",
            "sports fan blanket",
            "sports fan bedding",
            "bedding"
        ],
        "item_details": {
            "Color": "Royal",
            "Type": "sports-fan-throw-blankets"
        }
    },
    {
        "url": "https://utagear.merchorders.com/Product.php?pCat=Gifts&pSCat=&id=5518608&pid=6-33-UT04YIF",
        "pid": "6-33-UT04YIF",
        "product_name": "Full Length Royal Apron",
        "price": "$17.00",
        "product_description": "This full-length apron will protect your clothing from stains while you cook, and it's crafted for convenience with an easy care blend. The bib apron is a popular style that's well-made and functional.",
        "product_details": [
            "65/35 poly/cotton for easy care",
            "Screen printed logo",
            "Unique fitting system allows for a tailored look by pulling a single strap",
            "Two patch pockets, pen pocket",
            "Measures 22 in W x 30 in L"
        ],
        "tags": [
            "apron",
            "bib apron",
            "kitchen apron",
            "chef apron",
            "cook's apron"
        ],
        "item_details": {
            "Color": "Royal",
            "Type": "sports-fan-aprons"
        }
    },
    {
        "url": "https://utagear.merchorders.com/Product.php?pCat=Gifts&pSCat=&id=5518699&pid=6-33-UT04YII",
        "pid": "6-33-UT04YII",
        "product_name": "Full Length Royal Apron",
        "price": "$18.00",
        "product_description": "This full-length apron will protect your clothing from stains while you cook, and it's crafted for convenience with an easy care blend. The bib apron is a popular style that's well-made and functional.",
        "product_details": [
            "65/35 poly/cotton for easy care",
            "Screen printed logo",
            "Unique fitting system allows for a tailored look by pulling a single strap",
            "Two patch pockets, pen pocket",
            "Measures 22 in W x 30 in L"
        ],
        "tags": [
            "apron",
            "bib apron",
            "kitchen apron",
            "chef apron",
            "cook's apron"
        ],
        "item_details": {
            "Color": "Royal",
            "Type": "sports-fan-aprons"
        }
    }
]